"id","language","bank","card","merchant","merchantPhone","benefit","tAndCLink","from","to","storeLocation","imageUrl","cuisineType"
"CCB-1","en","China Construction Bank","""銀聯信用卡受理商戶"",""建行龍卡信用卡受理商戶""","佳寧娜潮州菜","25111282","""惠顧晚市滿HKD300送水晶包一客""","http://www.asia.ccb.com/hongkong_tc/personal/credit_cards/yearroundoffers/diningchi/index_content.html#tnc_desktop-carrianna","2016-01-01","2016-12-31","""灣仔告士打道151號安盛中心1樓""","","chinese"
"CCB-2","en","China Construction Bank","""建行龍卡信用卡受理商戶""","薔紅特色茶餐廳","28383783","""惠顧指定套餐半價"",""免收加一""","http://www.asia.ccb.com/hongkong_tc/personal/credit_cards/yearroundoffers/diningchi/index_content.html#tnc_desktop-rose-kitchen","2016-01-01","2016-12-31","""灣仔莊士敦道194-204號灣仔商業中心1樓""","","chinese"
"CCB-3","en","China Construction Bank","""銀聯信用卡受理商戶"",""建行龍卡信用卡受理商戶""","霸王山莊","27231003","""指定晚市套餐7折""","http://www.asia.ccb.com/hongkong_tc/personal/credit_cards/yearroundoffers/diningchi/index_content.html#tnc_desktop-kings-lodge","2016-01-01","2016-12-31","""尖沙咀漆咸道南67-71號安年大廈地下""","","chinese"
"CCB-4","en","China Construction Bank","""建行龍卡信用卡受理商戶""","西龍纤味","31055303","""全單貨品9折""","http://www.asia.ccb.com/hongkong_tc/personal/credit_cards/yearroundoffers/diningchi/index_content.html#tnc_desktop-slim-taste","2016-01-01","2016-12-31","""樂富聯合道198號樂富廣場1樓1104號舖""","","chinese"
"CCB-5","en","China Construction Bank","""建行龍卡信用卡受理商戶""","西龍傳香飯糰","31055303","""正價貨品9折""","http://www.asia.ccb.com/hongkong_tc/personal/credit_cards/yearroundoffers/diningchi/index_content.html#tnc_desktop-qq-rice","2016-01-01","2016-12-31","""大嶼山翔天路1號香港國際機場1號客運大樓7T087""","","chinese"
"CCB-6","en","China Construction Bank","","The Salted Pig","2367099027079459","""星期一至四：自選菜式85折"",""星期五至日：自選菜式9折""","http://www.asia.ccb.com/hongkong_tc/personal/credit_cards/yearroundoffers/diningwes/index_content.html#tnc_desktop-the-salted-pig","2016-01-01","2016-12-31","""尖沙咀諾士佛臺1號地舖"",""西灣河鯉景灣太康街45號地下GB8-10號舖""","","western"
"CCB-7","en","China Construction Bank","""銀聯信用卡受理商戶""","Bouchon Bistro Francais","25259300","""自選菜式9折""","http://www.asia.ccb.com/hongkong_tc/personal/credit_cards/yearroundoffers/diningwes/index_content.html#tnc_desktop-bouchon-bistro-francais","2016-01-01","2016-12-31","""中環蘇豪伊利近街49號地下""","","western"
"CCB-8","en","China Construction Bank","""銀聯信用卡受理商戶""","Craftsteak","25260999","""自選菜式9折""","http://www.asia.ccb.com/hongkong_tc/personal/credit_cards/yearroundoffers/diningwes/index_content.html#tnc_desktop-craftsteak","2016-01-01","2016-12-31","""中環蘇豪伊利近街29號""","","western"
"CCB-9","en","China Construction Bank","""銀聯信用卡受理商戶""","FoFo by el Willy","29002009","""每位客人可獲贈Sangria一杯（適用於午市及晚市）""","http://www.asia.ccb.com/hongkong_tc/personal/credit_cards/yearroundoffers/diningwes/index_content.html#tnc_desktop-fofo","2016-01-01","2016-12-31","""中環威靈頓街2-8號M88 20樓""","","western"
"CCB-10","en","China Construction Bank","","Harvey Nichols四樓餐廳","36953389","""以HKD458享用特色4道菜晚市套餐 (原價：HKD558)""","http://www.asia.ccb.com/hongkong_tc/personal/credit_cards/yearroundoffers/diningwes/index_content.html#tnc_desktop-harvey-nichols","2016-01-01","2016-12-31","""中環德輔道中12-16號置地廣場Harvey Nichols 4樓""","","western"
"CCB-11","en","China Construction Bank","""銀聯信用卡受理商戶""","La Paloma","22916161","""每位客人可獲贈Sangria一杯（適用於午市及晚市）""","http://www.asia.ccb.com/hongkong_tc/personal/credit_cards/yearroundoffers/diningwes/index_content.html#tnc_desktop-la-paloma","2016-01-01","2016-12-31","""西環皇后大道西189號SoHo189一樓""","","western"
"CCB-12","en","China Construction Bank","","Lily & Bloom","28106166","""惠顧晚市並預先訂座，每位客人可獲贈Prosecco一杯（週一至日）""","http://www.asia.ccb.com/hongkong_tc/personal/credit_cards/yearroundoffers/diningwes/index_content.html#tnc_desktop-lily-and-bloom","2016-01-01","2016-12-31","""中環蘭桂坊雲咸街33號LKF Tower 5樓及6樓""","","western"
"CCB-13","en","China Construction Bank","""銀聯信用卡受理商戶""","Lupa","27966500","""自選菜式9折""","http://www.asia.ccb.com/hongkong_tc/personal/credit_cards/yearroundoffers/diningwes/index_content.html#tnc_desktop-lupa","2016-01-01","2016-12-31","""中環皇后大道中31號陸海通大廈3樓""","","western"
"CCB-14","en","China Construction Bank","","Madam Sixty Ate","25272558","""每位客人惠顧滿HKD500可獲贈甜品一客（適用於午市及晚市）""","http://www.asia.ccb.com/hongkong_tc/personal/credit_cards/yearroundoffers/diningwes/index_content.html#tnc_desktop-madam-sixty-ate","2016-01-01","2016-12-31","""灣仔莊士敦道60號1樓8號舖""","","western"
"CCB-15","en","China Construction Bank","""銀聯信用卡受理商戶""","Manzo Italian Steak House","27353980","""自選菜式9折""","http://www.asia.ccb.com/hongkong_tc/personal/credit_cards/yearroundoffers/diningwes/index_content.html#tnc_desktop-manzo","2016-01-01","2016-12-31","""銅鑼灣勿地臣街1號時代廣場11樓1104號舖""","","western"
"CCB-16","en","China Construction Bank","""銀聯信用卡受理商戶""","Panevino","25217366","""星期一至四：全單85折"",""星期五、六及日：全單9折""","http://www.asia.ccb.com/hongkong_tc/personal/credit_cards/yearroundoffers/diningwes/index_content.html#tnc_desktop-panevino","2016-01-01","2016-12-31","""半山羅便臣道30-32號地下""","","western"
"CCB-17","en","China Construction Bank","","Shore Steak","29151638","""星期一至四、星期六至日：自選菜式85折"",""星期五：自選菜式9折""","http://www.asia.ccb.com/hongkong_tc/personal/credit_cards/yearroundoffers/diningwes/index_content.html#tnc_desktop-shore-steak","2016-01-01","2016-12-31","""中環皇后大道中139號The L.Place 3及4樓""","","western"
"CCB-18","en","China Construction Bank","""銀聯信用卡受理商戶""","Prego Italian","26515700","""自選菜式9折""","http://www.asia.ccb.com/hongkong_tc/personal/credit_cards/yearroundoffers/diningwes/index_content.html#tnc_desktop-prego","2016-01-01","2016-12-31","""中環蘇豪伊利近街43號地下""","","western"
"CCB-19","en","China Construction Bank","","QUAYSIDE","26616708","""每位客人可獲贈餐酒或prosecco一杯""","http://www.asia.ccb.com/hongkong_tc/personal/credit_cards/yearroundoffers/diningwes/index_content.html#tnc_desktop-quayside","2016-01-01","2016-12-31","""灣仔龍景街1號分域碼頭海軍商場地下""","","western"
"CCB-20","en","China Construction Bank","""銀聯信用卡受理商戶""","QUE MO","28360699","""全單9折 (只限晚市)"",""每位客人惠顧滿HKD500可獲贈飲品及甜品 (只限晚市)""","http://www.asia.ccb.com/hongkong_tc/personal/credit_cards/yearroundoffers/diningwes/index_content.html#tnc_desktop-que-mo","2016-01-01","2016-12-31","""灣仔皇后大道東202號QRE Plaza 5樓""","","western"
"CCB-21","en","China Construction Bank","""銀聯信用卡受理商戶""","Timón Seafood Tapas Bar & Restaurant","21110484","""每位客人惠顧滿HKD300可享自選菜式9折"",""每枱可免費獲贈Deep-fried Padrón Pepper一客""","http://www.asia.ccb.com/hongkong_tc/personal/credit_cards/yearroundoffers/diningwes/index_content.html#tnc_desktop-timon-seafood","2016-01-01","2016-12-31","""灣仔船街33號地舖""","","western"
"CCB-22","en","China Construction Bank","""銀聯信用卡受理商戶""","La Locanda by Giancarlo Perbellini","27859600","""自選菜式9折""","http://www.asia.ccb.com/hongkong_tc/personal/credit_cards/yearroundoffers/diningwes/index_content.html#tnc_desktop-la-locanda","2016-01-01","2016-12-31","""尖沙咀廣東道17號海港城海洋中心4樓402號舖""","","western"
"CCB-23","en","China Construction Bank","""銀聯信用卡受理商戶"",""建行龍卡信用卡受理商戶""","Olive EVA","21112568","""晚上9時後入座可享85折"",""惠顧晚市滿HKD200每枱可享免費1小時泊車優惠""","http://www.asia.ccb.com/hongkong_tc/personal/credit_cards/yearroundoffers/diningwes/index_content.html#tnc_desktop-olive-eva","2016-01-01","2016-12-31","""黃大仙睦鄰街8號現崇山商場地下G1-G2號舖""","","western"
"CCB-24","en","China Construction Bank","""銀聯信用卡受理商戶""","Toro Steakhouse & Gastro Bar","26969608","""自選菜式9折""","http://www.asia.ccb.com/hongkong_tc/personal/credit_cards/yearroundoffers/diningwes/index_content.html#tnc_desktop-toro","2016-01-01","2016-12-31","""尖沙咀柯士甸道西1號圓方(Elements)3樓R008號舖""","","western"
"CCB-25","en","China Construction Bank","""銀聯信用卡受理商戶"",""建行龍卡信用卡受理商戶""","Wedgwood Tea Bar","24667998","""惠顧堂食可享9折""","http://www.asia.ccb.com/hongkong_tc/personal/credit_cards/yearroundoffers/diningwes/index_content.html#tnc_desktop-wedgwood","2016-01-01","2016-12-31","""尖沙咀廣東道5號海港城海洋中心2樓K5號舖""","","western"
"CCB-26","en","China Construction Bank","""銀聯信用卡受理商戶"",""建行龍卡信用卡受理商戶""","BIEN BISTRO","21559022","""晚上9時後入座可享85折"",""惠顧晚市滿HKD200每枱可享免費1小時泊車優惠""","http://www.asia.ccb.com/hongkong_tc/personal/credit_cards/yearroundoffers/diningwes/index_content.html#tnc_desktop-bien-bistro","2016-01-01","2016-12-31","""荃灣楊屋道1號荃新天地1期1樓L117號舖""","","western"
"CCB-27","en","China Construction Bank","""銀聯信用卡受理商戶"",""建行龍卡信用卡受理商戶""","Olive Café","241238362156908826672788","""晚上9時後入座可享85折"",""惠顧晚市滿HKD200每枱可享免費1小時泊車優惠""","http://www.asia.ccb.com/hongkong_tc/personal/credit_cards/yearroundoffers/diningwes/index_content.html#tnc_desktop-olive-cafe","2016-01-01","2016-12-31","""荃灣西樓角路1-17號新領域廣場地下G4號舖"",""荃灣楊屋道1號荃新天地1期UG41號舖"",""大埔安邦路9號大埔超級城A區地下012A舖""","","western"
"CCB-28","en","China Construction Bank","""建行龍卡信用卡受理商戶""","意大利餐廳","262811172628103328863156","""惠顧自選菜式滿HKD300可享9折""","http://www.asia.ccb.com/hongkong_tc/personal/credit_cards/yearroundoffers/diningwes/index_content.html#tnc_desktop-resto","2016-01-01","2016-12-31","""屯門黃金海岸商場地下3-5號舖"",""深井深井村68號地下"",""東涌海濱路8號海堤灣畔商場地下G號舖""","","western"
"CCB-29","en","China Construction Bank","""建行龍卡信用卡受理商戶""","滿屋日本料理","3622336636221801","""惠顧晚市放題每餐枱送清酒一支""","http://www.asia.ccb.com/hongkong_tc/personal/credit_cards/yearroundoffers/diningjap/index_content.html#tnc_desktop-manya","2016-01-01","2016-12-31","""銅鑼灣駱克道463-483號銅鑼灣廣場2期8樓全層"",""尖沙咀北京道53-63號國都大厦地庫全層""","","asian,japanese"
"CCB-30","en","China Construction Bank","""銀聯信用卡受理商戶"",""建行龍卡信用卡受理商戶""","盛八日式燒肉店","258119333106018323668866/23803388","""惠顧滿HKD350可享香草牛油青殼岩蠔 (兩件) 乙客 (一般零售價HKD69)""","http://www.asia.ccb.com/hongkong_tc/personal/credit_cards/yearroundoffers/diningjap/index_content.html#tnc_desktop-morihachi-yakiniku","2016-01-01","2016-12-31","""中環擺花街8號3樓"",""銅鑼灣怡和街2-6號英光大廈3樓"",""尖沙咀亞士厘道23-25號雅士利中心3樓"",""旺角山東街38號38廣場3樓""","","asian,japanese"
"CCB-31","en","China Construction Bank","""銀聯信用卡受理商戶"",""建行龍卡信用卡受理商戶""","盛八食堂","28055711","""於晚市惠顧滿HKD100，即送意大利迷迭香手羽先乙客 (價值HKD48)""","http://www.asia.ccb.com/hongkong_tc/personal/credit_cards/yearroundoffers/diningjap/index_content.html#tnc_desktop-morihachi-kitchen-tamago","2016-01-01","2016-12-31","""銅鑼灣京士頓街9號名店坊1樓L102號舖""","","asian,japanese"
"CCB-32","en","China Construction Bank","""銀聯信用卡受理商戶"",""建行龍卡信用卡受理商戶""","味一番日本料理","2317671823669333","""惠顧晚市滿HKD300可享88折""","http://www.asia.ccb.com/hongkong_tc/personal/credit_cards/yearroundoffers/diningjap/index_content.html#tnc_desktop-aji-ichiban","2016-01-01","2016-12-31","""尖沙咀山林道22-26號地下"",""尖沙咀金巴利道65-67B號地下A舖""","","asian,japanese"
"CCB-33","en","China Construction Bank","""銀聯信用卡受理商戶"",""建行龍卡信用卡受理商戶""","盛八日式火鍋放題店","26160960/26160939","""惠顧""晚市90分鐘放題""，即送海鮮盛合乙客 (價值HKD48)""","http://www.asia.ccb.com/hongkong_tc/personal/credit_cards/yearroundoffers/diningjap/index_content.html#tnc_desktop-morihachi-shabu-shabu","2016-01-01","2016-12-31","""旺角通菜街1A-1J號威達商業大廈Deli2 3樓3B舖""","","asian,japanese"
"CCB-34","en","China Construction Bank","""建行龍卡信用卡受理商戶""","至尊滿屋日本料理","36222688","""惠顧晚市放題每餐枱送清酒一支""","http://www.asia.ccb.com/hongkong_tc/personal/credit_cards/yearroundoffers/diningjap/index_content.html#tnc_desktop-supreme-manya","2016-01-01","2016-12-31","""旺角彌敦道628號旺角瓊華中心7樓""","","asian,japanese"
"CCB-35","en","China Construction Bank","""建行龍卡信用卡受理商戶""","波羅密素食","27363939/2736398923176908/2317690923712208/23713237","""優惠價HKD588享用波羅密素食四人晚市套餐，套餐包括： - 日式原隻素鮑魚刺身 - 素瑤柱海皇西施羹 - 京式素牛仔柳 - 滬式賽螃蟹 - 香芋BB素斑仔 - 黑松露特色炒飯 (原價HKD668)""","http://www.asia.ccb.com/hongkong_tc/personal/credit_cards/yearroundoffers/diningothers/index_content.html#tnc_desktop-paramita","2016-01-01","2016-12-31","""尖沙咀彌敦道180號寶華商業大廈2字樓"",""天后琉璃街3C地舖"",""荔枝角長義街9號D2廣場3樓302號舖""","","others"
"CCB-36","en","China Construction Bank","""銀聯信用卡受理商戶""","Bombay Dreams","29710001","""自選菜式9折""","http://www.asia.ccb.com/hongkong_tc/personal/credit_cards/yearroundoffers/diningothers/index_content.html#tnc_desktop-bombay-dreams","2016-01-01","2016-12-31","""中環雲咸街77號嘉兆商業大廈4樓""","","others"
"CCB-37","en","China Construction Bank","""銀聯信用卡受理商戶"",""建行龍卡信用卡受理商戶""","火車頭越南餐室","2363483825283848","""惠顧晚市主餐牌滿HKD200，可享9折""","http://www.asia.ccb.com/hongkong_tc/personal/credit_cards/yearroundoffers/diningothers/index_content.html#tnc_desktop-cafe-locomotive","2016-01-01","2016-12-31","""灣仔謝斐道268-270號杜誌台地舖"",""灣仔譚臣道29號地下""","","others"
"CCB-38","en","China Construction Bank","""銀聯信用卡受理商戶""","新派素食","25205308","""自選菜式9折""","http://www.asia.ccb.com/hongkong_tc/personal/credit_cards/yearroundoffers/diningothers/index_content.html#tnc_desktop-khana-khazana","2016-01-01","2016-12-31","""灣仔盧押道20號其康大廈1樓""","","others"
"CCB-39","en","China Construction Bank","""銀聯信用卡受理商戶""","MAMA SAN by Will Meyrick","28818901","""自選菜式9折""","http://www.asia.ccb.com/hongkong_tc/personal/credit_cards/yearroundoffers/diningothers/index_content.html#tnc_desktop-mama-san","2016-01-01","2016-12-31","""中環雲咸街46號地下""","","others"
"CCB-40","en","China Construction Bank","""銀聯信用卡受理商戶"",""建行龍卡信用卡受理商戶""","喜喜冰室","2868036328810616","""惠顧晚市餐飲消費滿HKD200，可享9折""","http://www.asia.ccb.com/hongkong_tc/personal/credit_cards/yearroundoffers/diningothers/index_content.html#tnc_desktop-match-box","2016-01-01","2016-12-31","""銅鑼灣Fashion Walk加寧街8號地下2B舖"",""銅鑼灣新會道2號地下""","","others"
"CCB-41","en","China Construction Bank","""銀聯信用卡受理商戶""","Olive Greek & Middle Eastern","25211608","""自選菜式9折""","http://www.asia.ccb.com/hongkong_tc/personal/credit_cards/yearroundoffers/diningothers/index_content.html#tnc_desktop-olive","2016-01-01","2016-12-31","""中環蘇豪區伊利近街32號地下""","","others"
"CCB-42","en","China Construction Bank","""銀聯信用卡受理商戶""","Soho Spice Vietnamese & Thai","25211600","""自選菜式9折""","http://www.asia.ccb.com/hongkong_tc/personal/credit_cards/yearroundoffers/diningothers/index_content.html#tnc_desktop-soho-spice","2016-01-01","2016-12-31","""中環蘇豪伊利近街47B號地下""","","others"
"CCB-43","en","China Construction Bank","","Tamarind Pan","28277777","""萬事達卡信用卡尊享優惠 - 午市套餐及週日早午餐享4人同行1人免費""","http://www.asia.ccb.com/hongkong_tc/personal/credit_cards/yearroundoffers/diningothers/index_content.html#tnc_desktop-tamarind-pan","2016-01-01","2016-12-31","""灣仔港灣道30號新鴻基中心2樓""","","others"
"CCB-44","en","China Construction Bank","""銀聯信用卡受理商戶"",""建行龍卡信用卡受理商戶""","阿里朗韓國餐廳","29563288","""於星期一至五惠顧午市每位消費滿HKD100，可獲贈韓國果醋一杯"",""於星期一至五惠顧晚市每枱消費滿HKD300，可獲贈啤酒一杯""","http://www.asia.ccb.com/hongkong_tc/personal/credit_cards/yearroundoffers/diningothers/index_content.html#tnc_desktop-arirang","2016-01-01","2016-12-31","""尖沙咀亞士厘道33號九龍中心1樓A""","","others"
"CCB-45","en","China Construction Bank","""銀聯信用卡受理商戶""","Nahm Vietnamese & Thai","28107575","""自選菜式9折""","http://www.asia.ccb.com/hongkong_tc/personal/credit_cards/yearroundoffers/diningothers/index_content.html#tnc_desktop-nahm","2016-01-01","2016-12-31","""尖沙咀柯士甸道西1號圓方(Elements)1樓1044-45號舖""","","others"
"CCB-46","en","China Construction Bank","""銀聯信用卡受理商戶"",""建行龍卡信用卡受理商戶""","佳寧娜潮州菜","25111282","""惠顧晚市滿HKD300送水晶包一客""","http://www.asia.ccb.com/hongkong_tc/personal/credit_cards/yearroundoffers/diningchi/index_content.html#tnc_desktop-carrianna","2016-01-01","2016-12-31","""灣仔告士打道151號安盛中心1樓""","","chinese"
"CCB-47","en","China Construction Bank","""建行龍卡信用卡受理商戶""","薔紅特色茶餐廳","28383783","""惠顧指定套餐半價"",""免收加一""","http://www.asia.ccb.com/hongkong_tc/personal/credit_cards/yearroundoffers/diningchi/index_content.html#tnc_desktop-rose-kitchen","2016-01-01","2016-12-31","""灣仔莊士敦道194-204號灣仔商業中心1樓""","","chinese"
"CCB-48","en","China Construction Bank","""銀聯信用卡受理商戶"",""建行龍卡信用卡受理商戶""","霸王山莊","27231003","""指定晚市套餐7折""","http://www.asia.ccb.com/hongkong_tc/personal/credit_cards/yearroundoffers/diningchi/index_content.html#tnc_desktop-kings-lodge","2016-01-01","2016-12-31","""尖沙咀漆咸道南67-71號安年大廈地下""","","chinese"
"CCB-49","en","China Construction Bank","""建行龍卡信用卡受理商戶""","西龍纤味","31055303","""全單貨品9折""","http://www.asia.ccb.com/hongkong_tc/personal/credit_cards/yearroundoffers/diningchi/index_content.html#tnc_desktop-slim-taste","2016-01-01","2016-12-31","""樂富聯合道198號樂富廣場1樓1104號舖""","","chinese"
"CCB-50","en","China Construction Bank","""建行龍卡信用卡受理商戶""","西龍傳香飯糰","31055303","""正價貨品9折""","http://www.asia.ccb.com/hongkong_tc/personal/credit_cards/yearroundoffers/diningchi/index_content.html#tnc_desktop-qq-rice","2016-01-01","2016-12-31","""大嶼山翔天路1號香港國際機場1號客運大樓7T087""","","chinese"
"CCB-51","en","China Construction Bank","","The Salted Pig","2367099027079459","""星期一至四：自選菜式85折"",""星期五至日：自選菜式9折""","http://www.asia.ccb.com/hongkong_tc/personal/credit_cards/yearroundoffers/diningwes/index_content.html#tnc_desktop-the-salted-pig","2016-01-01","2016-12-31","""尖沙咀諾士佛臺1號地舖"",""西灣河鯉景灣太康街45號地下GB8-10號舖""","","western"
"CCB-52","en","China Construction Bank","""銀聯信用卡受理商戶""","Bouchon Bistro Francais","25259300","""自選菜式9折""","http://www.asia.ccb.com/hongkong_tc/personal/credit_cards/yearroundoffers/diningwes/index_content.html#tnc_desktop-bouchon-bistro-francais","2016-01-01","2016-12-31","""中環蘇豪伊利近街49號地下""","","western"
"CCB-53","en","China Construction Bank","""銀聯信用卡受理商戶""","Craftsteak","25260999","""自選菜式9折""","http://www.asia.ccb.com/hongkong_tc/personal/credit_cards/yearroundoffers/diningwes/index_content.html#tnc_desktop-craftsteak","2016-01-01","2016-12-31","""中環蘇豪伊利近街29號""","","western"
"CCB-54","en","China Construction Bank","""銀聯信用卡受理商戶""","FoFo by el Willy","29002009","""每位客人可獲贈Sangria一杯（適用於午市及晚市）""","http://www.asia.ccb.com/hongkong_tc/personal/credit_cards/yearroundoffers/diningwes/index_content.html#tnc_desktop-fofo","2016-01-01","2016-12-31","""中環威靈頓街2-8號M88 20樓""","","western"
"CCB-55","en","China Construction Bank","","Harvey Nichols四樓餐廳","36953389","""以HKD458享用特色4道菜晚市套餐 (原價：HKD558)""","http://www.asia.ccb.com/hongkong_tc/personal/credit_cards/yearroundoffers/diningwes/index_content.html#tnc_desktop-harvey-nichols","2016-01-01","2016-12-31","""中環德輔道中12-16號置地廣場Harvey Nichols 4樓""","","western"
"CCB-56","en","China Construction Bank","""銀聯信用卡受理商戶""","La Paloma","22916161","""每位客人可獲贈Sangria一杯（適用於午市及晚市）""","http://www.asia.ccb.com/hongkong_tc/personal/credit_cards/yearroundoffers/diningwes/index_content.html#tnc_desktop-la-paloma","2016-01-01","2016-12-31","""西環皇后大道西189號SoHo189一樓""","","western"
"CCB-57","en","China Construction Bank","","Lily & Bloom","28106166","""惠顧晚市並預先訂座，每位客人可獲贈Prosecco一杯（週一至日）""","http://www.asia.ccb.com/hongkong_tc/personal/credit_cards/yearroundoffers/diningwes/index_content.html#tnc_desktop-lily-and-bloom","2016-01-01","2016-12-31","""中環蘭桂坊雲咸街33號LKF Tower 5樓及6樓""","","western"
"CCB-58","en","China Construction Bank","""銀聯信用卡受理商戶""","Lupa","27966500","""自選菜式9折""","http://www.asia.ccb.com/hongkong_tc/personal/credit_cards/yearroundoffers/diningwes/index_content.html#tnc_desktop-lupa","2016-01-01","2016-12-31","""中環皇后大道中31號陸海通大廈3樓""","","western"
"CCB-59","en","China Construction Bank","","Madam Sixty Ate","25272558","""每位客人惠顧滿HKD500可獲贈甜品一客（適用於午市及晚市）""","http://www.asia.ccb.com/hongkong_tc/personal/credit_cards/yearroundoffers/diningwes/index_content.html#tnc_desktop-madam-sixty-ate","2016-01-01","2016-12-31","""灣仔莊士敦道60號1樓8號舖""","","western"
"CCB-60","en","China Construction Bank","""銀聯信用卡受理商戶""","Manzo Italian Steak House","27353980","""自選菜式9折""","http://www.asia.ccb.com/hongkong_tc/personal/credit_cards/yearroundoffers/diningwes/index_content.html#tnc_desktop-manzo","2016-01-01","2016-12-31","""銅鑼灣勿地臣街1號時代廣場11樓1104號舖""","","western"
"CCB-61","en","China Construction Bank","""銀聯信用卡受理商戶""","Panevino","25217366","""星期一至四：全單85折"",""星期五、六及日：全單9折""","http://www.asia.ccb.com/hongkong_tc/personal/credit_cards/yearroundoffers/diningwes/index_content.html#tnc_desktop-panevino","2016-01-01","2016-12-31","""半山羅便臣道30-32號地下""","","western"
"CCB-62","en","China Construction Bank","","Shore Steak","29151638","""星期一至四、星期六至日：自選菜式85折"",""星期五：自選菜式9折""","http://www.asia.ccb.com/hongkong_tc/personal/credit_cards/yearroundoffers/diningwes/index_content.html#tnc_desktop-shore-steak","2016-01-01","2016-12-31","""中環皇后大道中139號The L.Place 3及4樓""","","western"
"CCB-63","en","China Construction Bank","""銀聯信用卡受理商戶""","Prego Italian","26515700","""自選菜式9折""","http://www.asia.ccb.com/hongkong_tc/personal/credit_cards/yearroundoffers/diningwes/index_content.html#tnc_desktop-prego","2016-01-01","2016-12-31","""中環蘇豪伊利近街43號地下""","","western"
"CCB-64","en","China Construction Bank","","QUAYSIDE","26616708","""每位客人可獲贈餐酒或prosecco一杯""","http://www.asia.ccb.com/hongkong_tc/personal/credit_cards/yearroundoffers/diningwes/index_content.html#tnc_desktop-quayside","2016-01-01","2016-12-31","""灣仔龍景街1號分域碼頭海軍商場地下""","","western"
"CCB-65","en","China Construction Bank","""銀聯信用卡受理商戶""","QUE MO","28360699","""全單9折 (只限晚市)"",""每位客人惠顧滿HKD500可獲贈飲品及甜品 (只限晚市)""","http://www.asia.ccb.com/hongkong_tc/personal/credit_cards/yearroundoffers/diningwes/index_content.html#tnc_desktop-que-mo","2016-01-01","2016-12-31","""灣仔皇后大道東202號QRE Plaza 5樓""","","western"
"CCB-66","en","China Construction Bank","""銀聯信用卡受理商戶""","Timón Seafood Tapas Bar & Restaurant","21110484","""每位客人惠顧滿HKD300可享自選菜式9折"",""每枱可免費獲贈Deep-fried Padrón Pepper一客""","http://www.asia.ccb.com/hongkong_tc/personal/credit_cards/yearroundoffers/diningwes/index_content.html#tnc_desktop-timon-seafood","2016-01-01","2016-12-31","""灣仔船街33號地舖""","","western"
"CCB-67","en","China Construction Bank","""銀聯信用卡受理商戶""","La Locanda by Giancarlo Perbellini","27859600","""自選菜式9折""","http://www.asia.ccb.com/hongkong_tc/personal/credit_cards/yearroundoffers/diningwes/index_content.html#tnc_desktop-la-locanda","2016-01-01","2016-12-31","""尖沙咀廣東道17號海港城海洋中心4樓402號舖""","","western"
"CCB-68","en","China Construction Bank","""銀聯信用卡受理商戶"",""建行龍卡信用卡受理商戶""","Olive EVA","21112568","""晚上9時後入座可享85折"",""惠顧晚市滿HKD200每枱可享免費1小時泊車優惠""","http://www.asia.ccb.com/hongkong_tc/personal/credit_cards/yearroundoffers/diningwes/index_content.html#tnc_desktop-olive-eva","2016-01-01","2016-12-31","""黃大仙睦鄰街8號現崇山商場地下G1-G2號舖""","","western"
"CCB-69","en","China Construction Bank","""銀聯信用卡受理商戶""","Toro Steakhouse & Gastro Bar","26969608","""自選菜式9折""","http://www.asia.ccb.com/hongkong_tc/personal/credit_cards/yearroundoffers/diningwes/index_content.html#tnc_desktop-toro","2016-01-01","2016-12-31","""尖沙咀柯士甸道西1號圓方(Elements)3樓R008號舖""","","western"
"CCB-70","en","China Construction Bank","""銀聯信用卡受理商戶"",""建行龍卡信用卡受理商戶""","Wedgwood Tea Bar","24667998","""惠顧堂食可享9折""","http://www.asia.ccb.com/hongkong_tc/personal/credit_cards/yearroundoffers/diningwes/index_content.html#tnc_desktop-wedgwood","2016-01-01","2016-12-31","""尖沙咀廣東道5號海港城海洋中心2樓K5號舖""","","western"
"CCB-71","en","China Construction Bank","""銀聯信用卡受理商戶"",""建行龍卡信用卡受理商戶""","BIEN BISTRO","21559022","""晚上9時後入座可享85折"",""惠顧晚市滿HKD200每枱可享免費1小時泊車優惠""","http://www.asia.ccb.com/hongkong_tc/personal/credit_cards/yearroundoffers/diningwes/index_content.html#tnc_desktop-bien-bistro","2016-01-01","2016-12-31","""荃灣楊屋道1號荃新天地1期1樓L117號舖""","","western"
"CCB-72","en","China Construction Bank","""銀聯信用卡受理商戶"",""建行龍卡信用卡受理商戶""","Olive Café","241238362156908826672788","""晚上9時後入座可享85折"",""惠顧晚市滿HKD200每枱可享免費1小時泊車優惠""","http://www.asia.ccb.com/hongkong_tc/personal/credit_cards/yearroundoffers/diningwes/index_content.html#tnc_desktop-olive-cafe","2016-01-01","2016-12-31","""荃灣西樓角路1-17號新領域廣場地下G4號舖"",""荃灣楊屋道1號荃新天地1期UG41號舖"",""大埔安邦路9號大埔超級城A區地下012A舖""","","western"
"CCB-73","en","China Construction Bank","""建行龍卡信用卡受理商戶""","意大利餐廳","262811172628103328863156","""惠顧自選菜式滿HKD300可享9折""","http://www.asia.ccb.com/hongkong_tc/personal/credit_cards/yearroundoffers/diningwes/index_content.html#tnc_desktop-resto","2016-01-01","2016-12-31","""屯門黃金海岸商場地下3-5號舖"",""深井深井村68號地下"",""東涌海濱路8號海堤灣畔商場地下G號舖""","","western"
"CCB-74","en","China Construction Bank","""建行龍卡信用卡受理商戶""","滿屋日本料理","3622336636221801","""惠顧晚市放題每餐枱送清酒一支""","http://www.asia.ccb.com/hongkong_tc/personal/credit_cards/yearroundoffers/diningjap/index_content.html#tnc_desktop-manya","2016-01-01","2016-12-31","""銅鑼灣駱克道463-483號銅鑼灣廣場2期8樓全層"",""尖沙咀北京道53-63號國都大厦地庫全層""","","asian,japanese"
"CCB-75","en","China Construction Bank","""銀聯信用卡受理商戶"",""建行龍卡信用卡受理商戶""","盛八日式燒肉店","258119333106018323668866/23803388","""惠顧滿HKD350可享香草牛油青殼岩蠔 (兩件) 乙客 (一般零售價HKD69)""","http://www.asia.ccb.com/hongkong_tc/personal/credit_cards/yearroundoffers/diningjap/index_content.html#tnc_desktop-morihachi-yakiniku","2016-01-01","2016-12-31","""中環擺花街8號3樓"",""銅鑼灣怡和街2-6號英光大廈3樓"",""尖沙咀亞士厘道23-25號雅士利中心3樓"",""旺角山東街38號38廣場3樓""","","asian,japanese"
"CCB-76","en","China Construction Bank","""銀聯信用卡受理商戶"",""建行龍卡信用卡受理商戶""","盛八食堂","28055711","""於晚市惠顧滿HKD100，即送意大利迷迭香手羽先乙客 (價值HKD48)""","http://www.asia.ccb.com/hongkong_tc/personal/credit_cards/yearroundoffers/diningjap/index_content.html#tnc_desktop-morihachi-kitchen-tamago","2016-01-01","2016-12-31","""銅鑼灣京士頓街9號名店坊1樓L102號舖""","","asian,japanese"
"CCB-77","en","China Construction Bank","""銀聯信用卡受理商戶"",""建行龍卡信用卡受理商戶""","味一番日本料理","2317671823669333","""惠顧晚市滿HKD300可享88折""","http://www.asia.ccb.com/hongkong_tc/personal/credit_cards/yearroundoffers/diningjap/index_content.html#tnc_desktop-aji-ichiban","2016-01-01","2016-12-31","""尖沙咀山林道22-26號地下"",""尖沙咀金巴利道65-67B號地下A舖""","","asian,japanese"
"CCB-78","en","China Construction Bank","""銀聯信用卡受理商戶"",""建行龍卡信用卡受理商戶""","盛八日式火鍋放題店","26160960/26160939","""惠顧""晚市90分鐘放題""，即送海鮮盛合乙客 (價值HKD48)""","http://www.asia.ccb.com/hongkong_tc/personal/credit_cards/yearroundoffers/diningjap/index_content.html#tnc_desktop-morihachi-shabu-shabu","2016-01-01","2016-12-31","""旺角通菜街1A-1J號威達商業大廈Deli2 3樓3B舖""","","asian,japanese"
"CCB-79","en","China Construction Bank","""建行龍卡信用卡受理商戶""","至尊滿屋日本料理","36222688","""惠顧晚市放題每餐枱送清酒一支""","http://www.asia.ccb.com/hongkong_tc/personal/credit_cards/yearroundoffers/diningjap/index_content.html#tnc_desktop-supreme-manya","2016-01-01","2016-12-31","""旺角彌敦道628號旺角瓊華中心7樓""","","asian,japanese"
"CCB-80","en","China Construction Bank","""建行龍卡信用卡受理商戶""","波羅密素食","27363939/2736398923176908/2317690923712208/23713237","""優惠價HKD588享用波羅密素食四人晚市套餐，套餐包括： - 日式原隻素鮑魚刺身 - 素瑤柱海皇西施羹 - 京式素牛仔柳 - 滬式賽螃蟹 - 香芋BB素斑仔 - 黑松露特色炒飯 (原價HKD668)""","http://www.asia.ccb.com/hongkong_tc/personal/credit_cards/yearroundoffers/diningothers/index_content.html#tnc_desktop-paramita","2016-01-01","2016-12-31","""尖沙咀彌敦道180號寶華商業大廈2字樓"",""天后琉璃街3C地舖"",""荔枝角長義街9號D2廣場3樓302號舖""","","others"
"CCB-81","en","China Construction Bank","""銀聯信用卡受理商戶""","Bombay Dreams","29710001","""自選菜式9折""","http://www.asia.ccb.com/hongkong_tc/personal/credit_cards/yearroundoffers/diningothers/index_content.html#tnc_desktop-bombay-dreams","2016-01-01","2016-12-31","""中環雲咸街77號嘉兆商業大廈4樓""","","others"
"CCB-82","en","China Construction Bank","""銀聯信用卡受理商戶"",""建行龍卡信用卡受理商戶""","火車頭越南餐室","2363483825283848","""惠顧晚市主餐牌滿HKD200，可享9折""","http://www.asia.ccb.com/hongkong_tc/personal/credit_cards/yearroundoffers/diningothers/index_content.html#tnc_desktop-cafe-locomotive","2016-01-01","2016-12-31","""灣仔謝斐道268-270號杜誌台地舖"",""灣仔譚臣道29號地下""","","others"
"CCB-83","en","China Construction Bank","""銀聯信用卡受理商戶""","新派素食","25205308","""自選菜式9折""","http://www.asia.ccb.com/hongkong_tc/personal/credit_cards/yearroundoffers/diningothers/index_content.html#tnc_desktop-khana-khazana","2016-01-01","2016-12-31","""灣仔盧押道20號其康大廈1樓""","","others"
"CCB-84","en","China Construction Bank","""銀聯信用卡受理商戶""","MAMA SAN by Will Meyrick","28818901","""自選菜式9折""","http://www.asia.ccb.com/hongkong_tc/personal/credit_cards/yearroundoffers/diningothers/index_content.html#tnc_desktop-mama-san","2016-01-01","2016-12-31","""中環雲咸街46號地下""","","others"
"CCB-85","en","China Construction Bank","""銀聯信用卡受理商戶"",""建行龍卡信用卡受理商戶""","喜喜冰室","2868036328810616","""惠顧晚市餐飲消費滿HKD200，可享9折""","http://www.asia.ccb.com/hongkong_tc/personal/credit_cards/yearroundoffers/diningothers/index_content.html#tnc_desktop-match-box","2016-01-01","2016-12-31","""銅鑼灣Fashion Walk加寧街8號地下2B舖"",""銅鑼灣新會道2號地下""","","others"
"CCB-86","en","China Construction Bank","""銀聯信用卡受理商戶""","Olive Greek & Middle Eastern","25211608","""自選菜式9折""","http://www.asia.ccb.com/hongkong_tc/personal/credit_cards/yearroundoffers/diningothers/index_content.html#tnc_desktop-olive","2016-01-01","2016-12-31","""中環蘇豪區伊利近街32號地下""","","others"
"CCB-87","en","China Construction Bank","""銀聯信用卡受理商戶""","Soho Spice Vietnamese & Thai","25211600","""自選菜式9折""","http://www.asia.ccb.com/hongkong_tc/personal/credit_cards/yearroundoffers/diningothers/index_content.html#tnc_desktop-soho-spice","2016-01-01","2016-12-31","""中環蘇豪伊利近街47B號地下""","","others"
"CCB-88","en","China Construction Bank","","Tamarind Pan","28277777","""萬事達卡信用卡尊享優惠 - 午市套餐及週日早午餐享4人同行1人免費""","http://www.asia.ccb.com/hongkong_tc/personal/credit_cards/yearroundoffers/diningothers/index_content.html#tnc_desktop-tamarind-pan","2016-01-01","2016-12-31","""灣仔港灣道30號新鴻基中心2樓""","","others"
"CCB-89","en","China Construction Bank","""銀聯信用卡受理商戶"",""建行龍卡信用卡受理商戶""","阿里朗韓國餐廳","29563288","""於星期一至五惠顧午市每位消費滿HKD100，可獲贈韓國果醋一杯"",""於星期一至五惠顧晚市每枱消費滿HKD300，可獲贈啤酒一杯""","http://www.asia.ccb.com/hongkong_tc/personal/credit_cards/yearroundoffers/diningothers/index_content.html#tnc_desktop-arirang","2016-01-01","2016-12-31","""尖沙咀亞士厘道33號九龍中心1樓A""","","others"
"CCB-90","en","China Construction Bank","""銀聯信用卡受理商戶""","Nahm Vietnamese & Thai","28107575","""自選菜式9折""","http://www.asia.ccb.com/hongkong_tc/personal/credit_cards/yearroundoffers/diningothers/index_content.html#tnc_desktop-nahm","2016-01-01","2016-12-31","""尖沙咀柯士甸道西1號圓方(Elements)1樓1044-45號舖""","","others"
"CCB-91","en","China Construction Bank","""UnionPay Credit Card"",""CCB Long Credit Card""","Carrianna (Chiu Chow) Restaurant","25111282","""A complimentary dish of Crystal Dumpling upon spending of HKD300 at dinner""","http://www.asia.ccb.com/hongkong/personal/credit_cards/yearroundoffers/diningchi/index_content.html#tnc_desktop-carrianna","2016-01-01","2016-12-31","""1/F, AXA Centre, 151 Gloucester Road, Wan Chai""","","chinese"
"CCB-92","en","China Construction Bank","""CCB Long Credit Card""","Rose Kitchen","28383783","""50% off on selected menu"",""Waiver of 10% service charge""","http://www.asia.ccb.com/hongkong/personal/credit_cards/yearroundoffers/diningchi/index_content.html#tnc_desktop-rose-kitchen","2016-01-01","2016-12-31","""1/F, Wan Chai Commercial Centre, 194-204 Johnston Road, Wan Chai""","","chinese"
"CCB-93","en","China Construction Bank","""UnionPay Credit Card"",""CCB Long Credit Card""","Kings’ Lodge","27231003","""30% off on selected dinner set menu""","http://www.asia.ccb.com/hongkong/personal/credit_cards/yearroundoffers/diningchi/index_content.html#tnc_desktop-kings-lodge","2016-01-01","2016-12-31","""G/F, Oriental Centre, 67-71 Chatham Road South, Tsim Sha Tsui""","","chinese"
"CCB-94","en","China Construction Bank","""CCB Long Credit Card""","Slim Taste","31055303","""10% off on all items""","http://www.asia.ccb.com/hongkong/personal/credit_cards/yearroundoffers/diningchi/index_content.html#tnc_desktop-slim-taste","2016-01-01","2016-12-31","""Shop 1104, 1/F, Lok Fu Plaza, 198 Junction Road, Lok Fu""","","chinese"
"CCB-95","en","China Construction Bank","""CCB Long Credit Card""","QQ Rice","31055303","""10% off on regular-priced items""","http://www.asia.ccb.com/hongkong/personal/credit_cards/yearroundoffers/diningchi/index_content.html#tnc_desktop-qq-rice","2016-01-01","2016-12-31","""Shop 7T087, Terminal 1, Hong Kong InternationalAirport, 1 Sky Plaza Rd, Chek Lap Kok""","","chinese"
"CCB-96","en","China Construction Bank","","The Salted Pig","2367099027079459","""Monday to Thursday: 15% off on à la carte menu"",""Friday to Sunday: 10% off on à la carte menu""","http://www.asia.ccb.com/hongkong/personal/credit_cards/yearroundoffers/diningwes/index_content.html#tnc_desktop-the-salted-pig","2016-01-01","2016-12-31","""G/F, 1 Knutsford Terrace, Tsim Sha Tsui"",""Shop GB8-10, G/F, Site B, 45 Tai Hong Street, Lei King Wan, Sai Wan Ho""","","western"
"CCB-97","en","China Construction Bank","""UnionPay Credit Card""","Bouchon Bistro Francais","25259300","""10% off on à la carte menu""","http://www.asia.ccb.com/hongkong/personal/credit_cards/yearroundoffers/diningwes/index_content.html#tnc_desktop-bouchon-bistro-francais","2016-01-01","2016-12-31","""G/F, 49 Elgin Street, SOHO, Central""","","western"
"CCB-98","en","China Construction Bank","""UnionPay Credit Card""","Craftsteak","25260999","""10% off on à la carte menu""","http://www.asia.ccb.com/hongkong/personal/credit_cards/yearroundoffers/diningwes/index_content.html#tnc_desktop-craftsteak","2016-01-01","2016-12-31","""G/F, 29 Elgin Street, SOHO, Central""","","western"
"CCB-99","en","China Construction Bank","""UnionPay Credit Card""","FoFo by el Willy","29002009","""Complimentary glass of Sangria as welcome drink per person (valid during lunch and dinner)""","http://www.asia.ccb.com/hongkong/personal/credit_cards/yearroundoffers/diningwes/index_content.html#tnc_desktop-fofo","2016-01-01","2016-12-31","""20/F, M88, 2-8 Wellington Street, Central""","","western"
"CCB-100","en","China Construction Bank","","Harvey Nichols Fourth Floor Restaurant & Bar","36953389","""Special 4-course set dinner for HKD458 (original price: HKD558)""","http://www.asia.ccb.com/hongkong/personal/credit_cards/yearroundoffers/diningwes/index_content.html#tnc_desktop-harvey-nichols","2016-01-01","2016-12-31","""4/F, Harvey Nichols, The Landmark, 16 Des Voeux Road Central, Central""","","western"
"CCB-101","en","China Construction Bank","""UnionPay Credit Card""","La Paloma","22916161","""Complimentary glass of Sangria as welcome drink per person (valid during lunch and dinner)""","http://www.asia.ccb.com/hongkong/personal/credit_cards/yearroundoffers/diningwes/index_content.html#tnc_desktop-la-paloma","2016-01-01","2016-12-31","""1/F, SoHo 189, 189 Queen's Road West, Western District""","","western"
"CCB-102","en","China Construction Bank","","Lily & Bloom","28106166","""Complimentary glass of Prosecco per diner for any pre-booked dinner reservation (Mon-Sun)""","http://www.asia.ccb.com/hongkong/personal/credit_cards/yearroundoffers/diningwes/index_content.html#tnc_desktop-lily-and-bloom","2016-01-01","2016-12-31","""5 & 6/F, LKF Tower, 33 Wyndham Street, Lan Kwai Fong, Central""","","western"
"CCB-103","en","China Construction Bank","""UnionPay Credit Card""","Lupa","27966500","""10% off on à la carte menu""","http://www.asia.ccb.com/hongkong/personal/credit_cards/yearroundoffers/diningwes/index_content.html#tnc_desktop-lupa","2016-01-01","2016-12-31","""3/F, LHT Tower, 31 Queen’s Road, Central""","","western"
"CCB-104","en","China Construction Bank","","Madam Sixty Ate","25272558","""Complimentary dessert per person for over HKD500 consumption per person (lunch and dinner)""","http://www.asia.ccb.com/hongkong/personal/credit_cards/yearroundoffers/diningwes/index_content.html#tnc_desktop-madam-sixty-ate","2016-01-01","2016-12-31","""Shop 8, 1/F The Podium, J.Senses, 60 Johnston Road, Wan Chai""","","western"
"CCB-105","en","China Construction Bank","""UnionPay Credit Card""","Manzo Italian Steak House","27353980","""10% off on à la carte menu""","http://www.asia.ccb.com/hongkong/personal/credit_cards/yearroundoffers/diningwes/index_content.html#tnc_desktop-manzo","2016-01-01","2016-12-31","""Shop 1104, 11/F, Times Square, 1 Matheson Street, Causeway Bay""","","western"
"CCB-106","en","China Construction Bank","""UnionPay Credit Card""","Panevino","25217366","""Monday to Thursday: 15% off on total bill"",""Friday to Sunday: 10% off on total bill""","http://www.asia.ccb.com/hongkong/personal/credit_cards/yearroundoffers/diningwes/index_content.html#tnc_desktop-panevino","2016-01-01","2016-12-31","""G/F, 30-32 Robinson Road, Mid-Levels""","","western"
"CCB-107","en","China Construction Bank","","Shore Steak","29151638","""Monday to Thursday, Saturday to Sunday: 15% off on à la carte menu"",""Fridays: 10% off on à la carte menu""","http://www.asia.ccb.com/hongkong/personal/credit_cards/yearroundoffers/diningwes/index_content.html#tnc_desktop-shore-steak","2016-01-01","2016-12-31","""3/F & 4/F, The L.Place, 139 Queen's Road Central, Central""","","western"
"CCB-108","en","China Construction Bank","""UnionPay Credit Card""","Prego Italian","26515700","""10% off on à la carte menu""","http://www.asia.ccb.com/hongkong/personal/credit_cards/yearroundoffers/diningwes/index_content.html#tnc_desktop-prego","2016-01-01","2016-12-31","""43 Elgin Street, Soho, Central""","","western"
"CCB-109","en","China Construction Bank","","QUAYSIDE","26616708","""Complimentary wine or prosecco per person""","http://www.asia.ccb.com/hongkong/personal/credit_cards/yearroundoffers/diningwes/index_content.html#tnc_desktop-quayside","2016-01-01","2016-12-31","""G/F, Fenwick Pier, Fleet Arcade, 1 Lung King Street, Wan Chai""","","western"
"CCB-110","en","China Construction Bank","""UnionPay Credit Card""","QUE MO","28360699","""10% off on total bill (for dinner only)"",""Complimentary drink and dessert per person for over HKD500 consumption per person (for dinner only)""","http://www.asia.ccb.com/hongkong/personal/credit_cards/yearroundoffers/diningwes/index_content.html#tnc_desktop-que-mo","2016-01-01","2016-12-31","""5/F, QRE Plaza, 202 Queen's Road East, Wan Chai""","","western"
"CCB-111","en","China Construction Bank","""UnionPay Credit Card""","Timón Seafood Tapas Bar & Restaurant","21110484","""10% off for spending over HKD300 per head"",""A free Deep-fried Padrón Pepper for each table""","http://www.asia.ccb.com/hongkong/personal/credit_cards/yearroundoffers/diningwes/index_content.html#tnc_desktop-timon-seafood","2016-01-01","2016-12-31","""G/F, 33 Ship Street, Wan Chai""","","western"
"CCB-112","en","China Construction Bank","""UnionPay Credit Card""","La Locanda by Giancarlo Perbellini","27859600","""10% off on à la carte menu""","http://www.asia.ccb.com/hongkong/personal/credit_cards/yearroundoffers/diningwes/index_content.html#tnc_desktop-la-locanda","2016-01-01","2016-12-31","""Shop 402, Level 4, Ocean Centre, Harbour City, 17 Canton Road, Tsim Sha Tsui""","","western"
"CCB-113","en","China Construction Bank","""UnionPay Credit Card"",""CCB Long Credit Card""","Olive EVA","21112568","""15% off on check-in after 9pm"",""Free 1 hour parking at dinner upon spending of HKD200 per table""","http://www.asia.ccb.com/hongkong/personal/credit_cards/yearroundoffers/diningwes/index_content.html#tnc_desktop-olive-eva","2016-01-01","2016-12-31","""Unit Shop 1-2, G/F, Lions Rise Mall, 8 Muk Lun Street, Wong Tai Sin""","","western"
"CCB-114","en","China Construction Bank","""UnionPay Credit Card""","Toro Steakhouse & Gastro Bar","26969608","""10% off on à la carte menu""","http://www.asia.ccb.com/hongkong/personal/credit_cards/yearroundoffers/diningwes/index_content.html#tnc_ccb_1509","2016-01-01","2016-12-31","""Shop R008, 3/F, Rooftop Garden, Elements, 1 Austin Road West, Tsim Sha Tsui""","","western"
"CCB-115","en","China Construction Bank","""UnionPay Credit Card"",""CCB Long Credit Card""","Wedgwood Tea Bar","24667998","""10% off on dine in food & beverage order""","http://www.asia.ccb.com/hongkong/personal/credit_cards/yearroundoffers/diningwes/index_content.html#tnc_desktop-wedgwood","2016-01-01","2016-12-31","""K5, 2/F, Ocean Centre, Harbour City, 5 Canton Road, Tsim Sha Tsui""","","western"
"CCB-116","en","China Construction Bank","""UnionPay Credit Card"",""CCB Long Credit Card""","BIEN BISTRO","21559022","""15% off on check-in after 9pm"",""Free 1 hour parking at dinner upon spending of HKD200 per table""","http://www.asia.ccb.com/hongkong/personal/credit_cards/yearroundoffers/diningwes/index_content.html#tnc_desktop-bien-bistro","2016-01-01","2016-12-31","""Shop 117, 1/F, Citywalk, 1 Yeung Uk Road, Tsuen Wan""","","western"
"CCB-117","en","China Construction Bank","""UnionPay Credit Card"",""CCB Long Credit Card""","Olive Café","241238362156908826672788","""15% off on check-in after 9pm"",""Free 1 hour parking at dinner upon spending of HKD200 per table""","http://www.asia.ccb.com/hongkong/personal/credit_cards/yearroundoffers/diningwes/index_content.html#tnc_desktop-olive-cafe","2016-01-01","2016-12-31","""Shop G4, G/F Grand City Plaza, 1-17 Sai Lau Kok Road, Tsuen Wan"",""Shop UG41 Citywalk, No. 1 Yeung Uk Road, Tsuen Wan"",""Shop 012A-012C, Zone A,Tai Po Mega Mall 9 On Pong Road,Tai Po""","","western"
"CCB-118","en","China Construction Bank","""CCB Long Credit Card""","Resto Restaurant, Pizza, Pasta, Ribs & Grill","262811172628103328863156","""10% off on à la carte menu upon spending of HKD300""","http://www.asia.ccb.com/hongkong/personal/credit_cards/yearroundoffers/diningwes/index_content.html#tnc_desktop-resto","2016-01-01","2016-12-31","""Shop 3-5, G/F Gold Coast, Castle Peak Road, Tuen Mun"",""Shop 68, G/F Sham Tseng Village, Sham Tseng"",""Shop G, G/F Seaview Crescent, No. 8 Tung Chung Waterfront Rd, Tung Chung""","","western"
"CCB-119","en","China Construction Bank","""CCB Long Credit Card""","Manya Japanese Restaurant","3622336636221801","""A complimentary bottle of Sake at Dinner Buffet per table""","http://www.asia.ccb.com/hongkong/personal/credit_cards/yearroundoffers/diningjap/index_content.html#tnc_desktop-manya","2016-01-01","2016-12-31","""8/F, Causeway Bay Plaza 2, 463-483 Lockhart Road, Causeway Bay"",""Basement, Metropole Building , 53-63 Peking Road, Tsim Sha Tsui""","","asian,japanese"
"CCB-120","en","China Construction Bank","""UnionPay Credit Card"",""CCB Long Credit Card""","Morihachi Yakiniku","258119333106018323668866/23803388","""A complimentary dish of a Rock Oyster with herbs & butter upon spending of HKD350 (Retail Price: HKD69)""","http://www.asia.ccb.com/hongkong/personal/credit_cards/yearroundoffers/diningjap/index_content.html#tnc_desktop-morihachi-yakiniku","2016-01-01","2016-12-31","""3/F, No.8 Lyndhurst Terrace, Central"",""3/F, Ying Kong Mansion, 2-6 Yee Wo Street, Causeway Bay"",""3/F, Ashley Centre, 23-25 Ashley Road, Tsim Sha Tsui"",""3/F, 38 Plaza, 38 Shan Tung Street, Mongkok""","","asian,japanese"
"CCB-121","en","China Construction Bank","""UnionPay Credit Card"",""CCB Long Credit Card""","Morihachi Kitchen Tamago","28055711","""A complimentary dish of Italian Rosemary Chicken Wing upon spending of HKD100 at dinner (Value of HKD48)""","http://www.asia.ccb.com/hongkong/personal/credit_cards/yearroundoffers/diningjap/index_content.html#tnc_desktop-morihachi-kitchen-tamago","2016-01-01","2016-12-31","""Shop L102, 1/F, 9 Kingston Street, Fashion Walk, Causeway Bay""","","asian,japanese"
"CCB-122","en","China Construction Bank","""UnionPay Credit Card"",""CCB Long Credit Card""","Aji Ichiban","2317671823669333","""12% off upon spending of HKD300 at dinner""","http://www.asia.ccb.com/hongkong/personal/credit_cards/yearroundoffers/diningjap/index_content.html#tnc_desktop-aji-ichiban","2016-01-01","2016-12-31","""G/F, 22-26 Hillwood Road, Tsim Sha Tsui"",""Shop A, UG/F, 65-67B, Kimberley Road, Tsim Sha Tsui""","","asian,japanese"
"CCB-123","en","China Construction Bank","""UnionPay Credit Card"",""CCB Long Credit Card""","Morihachi Shabu Shabu","26160960/26160939","""A complimentary dish of Sea Food Platter upon spending of ""90mins of Dinner Shabu Shabu Buffet"" (Value of HKD48)""","http://www.asia.ccb.com/hongkong/personal/credit_cards/yearroundoffers/diningjap/index_content.html#tnc_desktop-morihachi-shabu-shabu","2016-01-01","2016-12-31","""Deli2, 3/F, Witty Commercial Building,1A-1J Tung Choi Street, Mong Kok""","","asian,japanese"
"CCB-124","en","China Construction Bank","""CCB Long Credit Card""","Supreme Manya Japanese Restaurant","36222688","""A complimentary bottle of Sake on Dinner Buffet per table""","http://www.asia.ccb.com/hongkong/personal/credit_cards/yearroundoffers/diningjap/index_content.html#tnc_desktop-supreme-manya","2016-01-01","2016-12-31","""7/F, King Wah Centre, 628 Nathan Road, Mong Kok""","","asian,japanese"
"CCB-125","en","China Construction Bank","""CCB Long Credit Card""","Paramita Vegetarian Restaurant","27363939/2736398923176908/2317690923712208/23713237","""Paramita special dinner set menu for 4 persons at HKD588, including: - Vegetarian Abalone Sashimi - Vegetarian Seafood To-Fu Thicken Soup - Sweet and Sour Vegetarian Steak - Shanghai Style Fried Egg-white with Vegetables - Crisp Taro 'Baby-fish' - Fried Rice with Truffle (Original Price: HKD668)""","http://www.asia.ccb.com/hongkong/personal/credit_cards/yearroundoffers/diningothers/index_content.html#tnc_desktop-paramita","2016-01-01","2016-12-31","""2/F, Bowa House,180 Nathan Road, Tsim Sha Tsui"",""G/F, 3C, Lau Li Street, Tin Hau"",""SHOP 302, 3/F D2 Place, 9 Cheung Yee Street, Lai Chi Kok""","","others"
"CCB-126","en","China Construction Bank","""UnionPay Credit Card""","Bombay Dreams","29710001","""10% off on à la carte menu""","http://www.asia.ccb.com/hongkong/personal/credit_cards/yearroundoffers/diningothers/index_content.html#tnc_desktop-bombay-dreams","2016-01-01","2016-12-31","""4/F, 77 Wyndham Street, Central""","","others"
"CCB-127","en","China Construction Bank","""UnionPay Credit Card"",""CCB Long Credit Card""","Café Locomotive Contemporary Vietnamese Cuisine","2363483825283848","""10% off on Dinner Main Menu upon spending of HKD200""","http://www.asia.ccb.com/hongkong/personal/credit_cards/yearroundoffers/diningothers/index_content.html#tnc_desktop-cafe-locomotive","2016-01-01","2016-12-31","""G/F, Tonnochy Towers, 268-270 Jaffe Road, Wan Chai"",""G/F, 29 Thomson Road, Wan Chai""","","others"
"CCB-128","en","China Construction Bank","""UnionPay Credit Card""","Khana Khazana","25205308","""10% off on à la carte menu""","http://www.asia.ccb.com/hongkong/personal/credit_cards/yearroundoffers/diningothers/index_content.html#tnc_desktop-khana-khazana","2016-01-01","2016-12-31","""1/F, Dannies House, 20 Luard Road, Wan Chai""","","others"
"CCB-129","en","China Construction Bank","""UnionPay Credit Card""","MAMA SAN by Will Meyrick","28818901","""10% off on à la carte menu""","http://www.asia.ccb.com/hongkong/personal/credit_cards/yearroundoffers/diningothers/index_content.html#tnc_desktop-mama-san","2016-01-01","2016-12-31","""1/F, 46 Wyndham Street, Central""","","others"
"CCB-130","en","China Construction Bank","""UnionPay Credit Card"",""CCB Long Credit Card""","MATCH BOX","2868036328810616","""10% off on Dinner Food & Beverage consumption upon spending of HKD200""","http://www.asia.ccb.com/hongkong/personal/credit_cards/yearroundoffers/diningothers/index_content.html#tnc_desktop-match-box","2016-01-01","2016-12-31","""Shop 2B, G/F, 8 Cleveland Street, Fashion Walk, Causeway Bay"",""G/F, No 2 Sun Wui Road, Causeway Bay""","","others"
"CCB-131","en","China Construction Bank","""UnionPay Credit Card""","Olive Greek & Middle Eastern","25211608","""10% off on à la carte menu""","http://www.asia.ccb.com/hongkong/personal/credit_cards/yearroundoffers/diningothers/index_content.html#tnc_desktop-olive","2016-01-01","2016-12-31","""G/F, No.32 Elgin Street, Soho, Central""","","others"
"CCB-132","en","China Construction Bank","""UnionPay Credit Card""","Soho Spice Vietnamese & Thai","25211600","""10% off on à la carte menu""","http://www.asia.ccb.com/hongkong/personal/credit_cards/yearroundoffers/diningothers/index_content.html#tnc_desktop-soho-spice","2016-01-01","2016-12-31","""G/F, 47B Elgin Street, SOHO, Central""","","others"
"CCB-133","en","China Construction Bank","","Tamarind Pan","28277777","""MasterCard cardholder only - Every fourth person dines for free for business lunch sets and Sunday brunch""","http://www.asia.ccb.com/hongkong/personal/credit_cards/yearroundoffers/diningothers/index_content.html#tnc_desktop-tamarind-pan","2016-01-01","2016-12-31","""2/F, Sun Hung Kai Centre, 30 Harbour Road, Wanchai""","","others"
"CCB-134","en","China Construction Bank","""UnionPay Credit Card"",""CCB Long Credit Card""","Arirang Korean Restaurant","29563288","""A free cup of Korean fruity red vinegar upon spending of HKD100 per customer at lunch from Monday to Friday"",""A free glass of beer upon spending of HKD300 per table at dinner from Monday to Friday""","http://www.asia.ccb.com/hongkong/personal/credit_cards/yearroundoffers/diningothers/index_content.html#tnc_desktop-arirang","2016-01-01","2016-12-31","""1A, Kowloon Centre, 33 Ashley Road, Tsim Sha Tsui""","","others"
"CCB-135","en","China Construction Bank","""UnionPay Credit Card""","Nahm Vietnamese & Thai","28107575","""10% off on à la carte menu""","http://www.asia.ccb.com/hongkong/personal/credit_cards/yearroundoffers/diningothers/index_content.html#tnc_desktop-nahm","2016-01-01","2016-12-31","""Shop 1044-1045, 1/F, Elements, 1 Austin Road West, Tsim Sha Tsui""","","others"
"CCB-1","zh_TW","China Construction Bank","""銀聯信用卡受理商戶"",""建行龍卡信用卡受理商戶""","佳寧娜潮州菜","25111282","""惠顧晚市滿HKD300送水晶包一客""","http://www.asia.ccb.com/hongkong_tc/personal/credit_cards/yearroundoffers/diningchi/index_content.html#tnc_desktop-carrianna","2016-01-01","2016-12-31","""灣仔告士打道151號安盛中心1樓""","","chinese"
"CCB-2","zh_TW","China Construction Bank","""建行龍卡信用卡受理商戶""","薔紅特色茶餐廳","28383783","""惠顧指定套餐半價"",""免收加一""","http://www.asia.ccb.com/hongkong_tc/personal/credit_cards/yearroundoffers/diningchi/index_content.html#tnc_desktop-rose-kitchen","2016-01-01","2016-12-31","""灣仔莊士敦道194-204號灣仔商業中心1樓""","","chinese"
"CCB-3","zh_TW","China Construction Bank","""銀聯信用卡受理商戶"",""建行龍卡信用卡受理商戶""","霸王山莊","27231003","""指定晚市套餐7折""","http://www.asia.ccb.com/hongkong_tc/personal/credit_cards/yearroundoffers/diningchi/index_content.html#tnc_desktop-kings-lodge","2016-01-01","2016-12-31","""尖沙咀漆咸道南67-71號安年大廈地下""","","chinese"
"CCB-4","zh_TW","China Construction Bank","""建行龍卡信用卡受理商戶""","西龍纤味","31055303","""全單貨品9折""","http://www.asia.ccb.com/hongkong_tc/personal/credit_cards/yearroundoffers/diningchi/index_content.html#tnc_desktop-slim-taste","2016-01-01","2016-12-31","""樂富聯合道198號樂富廣場1樓1104號舖""","","chinese"
"CCB-5","zh_TW","China Construction Bank","""建行龍卡信用卡受理商戶""","西龍傳香飯糰","31055303","""正價貨品9折""","http://www.asia.ccb.com/hongkong_tc/personal/credit_cards/yearroundoffers/diningchi/index_content.html#tnc_desktop-qq-rice","2016-01-01","2016-12-31","""大嶼山翔天路1號香港國際機場1號客運大樓7T087""","","chinese"
"CCB-6","zh_TW","China Construction Bank","","The Salted Pig","2367099027079459","""星期一至四：自選菜式85折"",""星期五至日：自選菜式9折""","http://www.asia.ccb.com/hongkong_tc/personal/credit_cards/yearroundoffers/diningwes/index_content.html#tnc_desktop-the-salted-pig","2016-01-01","2016-12-31","""尖沙咀諾士佛臺1號地舖"",""西灣河鯉景灣太康街45號地下GB8-10號舖""","","western"
"CCB-7","zh_TW","China Construction Bank","""銀聯信用卡受理商戶""","Bouchon Bistro Francais","25259300","""自選菜式9折""","http://www.asia.ccb.com/hongkong_tc/personal/credit_cards/yearroundoffers/diningwes/index_content.html#tnc_desktop-bouchon-bistro-francais","2016-01-01","2016-12-31","""中環蘇豪伊利近街49號地下""","","western"
"CCB-8","zh_TW","China Construction Bank","""銀聯信用卡受理商戶""","Craftsteak","25260999","""自選菜式9折""","http://www.asia.ccb.com/hongkong_tc/personal/credit_cards/yearroundoffers/diningwes/index_content.html#tnc_desktop-craftsteak","2016-01-01","2016-12-31","""中環蘇豪伊利近街29號""","","western"
"CCB-9","zh_TW","China Construction Bank","""銀聯信用卡受理商戶""","FoFo by el Willy","29002009","""每位客人可獲贈Sangria一杯（適用於午市及晚市）""","http://www.asia.ccb.com/hongkong_tc/personal/credit_cards/yearroundoffers/diningwes/index_content.html#tnc_desktop-fofo","2016-01-01","2016-12-31","""中環威靈頓街2-8號M88 20樓""","","western"
"CCB-10","zh_TW","China Construction Bank","","Harvey Nichols四樓餐廳","36953389","""以HKD458享用特色4道菜晚市套餐 (原價：HKD558)""","http://www.asia.ccb.com/hongkong_tc/personal/credit_cards/yearroundoffers/diningwes/index_content.html#tnc_desktop-harvey-nichols","2016-01-01","2016-12-31","""中環德輔道中12-16號置地廣場Harvey Nichols 4樓""","","western"
"CCB-11","zh_TW","China Construction Bank","""銀聯信用卡受理商戶""","La Paloma","22916161","""每位客人可獲贈Sangria一杯（適用於午市及晚市）""","http://www.asia.ccb.com/hongkong_tc/personal/credit_cards/yearroundoffers/diningwes/index_content.html#tnc_desktop-la-paloma","2016-01-01","2016-12-31","""西環皇后大道西189號SoHo189一樓""","","western"
"CCB-12","zh_TW","China Construction Bank","","Lily & Bloom","28106166","""惠顧晚市並預先訂座，每位客人可獲贈Prosecco一杯（週一至日）""","http://www.asia.ccb.com/hongkong_tc/personal/credit_cards/yearroundoffers/diningwes/index_content.html#tnc_desktop-lily-and-bloom","2016-01-01","2016-12-31","""中環蘭桂坊雲咸街33號LKF Tower 5樓及6樓""","","western"
"CCB-13","zh_TW","China Construction Bank","""銀聯信用卡受理商戶""","Lupa","27966500","""自選菜式9折""","http://www.asia.ccb.com/hongkong_tc/personal/credit_cards/yearroundoffers/diningwes/index_content.html#tnc_desktop-lupa","2016-01-01","2016-12-31","""中環皇后大道中31號陸海通大廈3樓""","","western"
"CCB-14","zh_TW","China Construction Bank","","Madam Sixty Ate","25272558","""每位客人惠顧滿HKD500可獲贈甜品一客（適用於午市及晚市）""","http://www.asia.ccb.com/hongkong_tc/personal/credit_cards/yearroundoffers/diningwes/index_content.html#tnc_desktop-madam-sixty-ate","2016-01-01","2016-12-31","""灣仔莊士敦道60號1樓8號舖""","","western"
"CCB-15","zh_TW","China Construction Bank","""銀聯信用卡受理商戶""","Manzo Italian Steak House","27353980","""自選菜式9折""","http://www.asia.ccb.com/hongkong_tc/personal/credit_cards/yearroundoffers/diningwes/index_content.html#tnc_desktop-manzo","2016-01-01","2016-12-31","""銅鑼灣勿地臣街1號時代廣場11樓1104號舖""","","western"
"CCB-16","zh_TW","China Construction Bank","""銀聯信用卡受理商戶""","Panevino","25217366","""星期一至四：全單85折"",""星期五、六及日：全單9折""","http://www.asia.ccb.com/hongkong_tc/personal/credit_cards/yearroundoffers/diningwes/index_content.html#tnc_desktop-panevino","2016-01-01","2016-12-31","""半山羅便臣道30-32號地下""","","western"
"CCB-17","zh_TW","China Construction Bank","","Shore Steak","29151638","""星期一至四、星期六至日：自選菜式85折"",""星期五：自選菜式9折""","http://www.asia.ccb.com/hongkong_tc/personal/credit_cards/yearroundoffers/diningwes/index_content.html#tnc_desktop-shore-steak","2016-01-01","2016-12-31","""中環皇后大道中139號The L.Place 3及4樓""","","western"
"CCB-18","zh_TW","China Construction Bank","""銀聯信用卡受理商戶""","Prego Italian","26515700","""自選菜式9折""","http://www.asia.ccb.com/hongkong_tc/personal/credit_cards/yearroundoffers/diningwes/index_content.html#tnc_desktop-prego","2016-01-01","2016-12-31","""中環蘇豪伊利近街43號地下""","","western"
"CCB-19","zh_TW","China Construction Bank","","QUAYSIDE","26616708","""每位客人可獲贈餐酒或prosecco一杯""","http://www.asia.ccb.com/hongkong_tc/personal/credit_cards/yearroundoffers/diningwes/index_content.html#tnc_desktop-quayside","2016-01-01","2016-12-31","""灣仔龍景街1號分域碼頭海軍商場地下""","","western"
"CCB-20","zh_TW","China Construction Bank","""銀聯信用卡受理商戶""","QUE MO","28360699","""全單9折 (只限晚市)"",""每位客人惠顧滿HKD500可獲贈飲品及甜品 (只限晚市)""","http://www.asia.ccb.com/hongkong_tc/personal/credit_cards/yearroundoffers/diningwes/index_content.html#tnc_desktop-que-mo","2016-01-01","2016-12-31","""灣仔皇后大道東202號QRE Plaza 5樓""","","western"
"CCB-21","zh_TW","China Construction Bank","""銀聯信用卡受理商戶""","Timón Seafood Tapas Bar & Restaurant","21110484","""每位客人惠顧滿HKD300可享自選菜式9折"",""每枱可免費獲贈Deep-fried Padrón Pepper一客""","http://www.asia.ccb.com/hongkong_tc/personal/credit_cards/yearroundoffers/diningwes/index_content.html#tnc_desktop-timon-seafood","2016-01-01","2016-12-31","""灣仔船街33號地舖""","","western"
"CCB-22","zh_TW","China Construction Bank","""銀聯信用卡受理商戶""","La Locanda by Giancarlo Perbellini","27859600","""自選菜式9折""","http://www.asia.ccb.com/hongkong_tc/personal/credit_cards/yearroundoffers/diningwes/index_content.html#tnc_desktop-la-locanda","2016-01-01","2016-12-31","""尖沙咀廣東道17號海港城海洋中心4樓402號舖""","","western"
"CCB-23","zh_TW","China Construction Bank","""銀聯信用卡受理商戶"",""建行龍卡信用卡受理商戶""","Olive EVA","21112568","""晚上9時後入座可享85折"",""惠顧晚市滿HKD200每枱可享免費1小時泊車優惠""","http://www.asia.ccb.com/hongkong_tc/personal/credit_cards/yearroundoffers/diningwes/index_content.html#tnc_desktop-olive-eva","2016-01-01","2016-12-31","""黃大仙睦鄰街8號現崇山商場地下G1-G2號舖""","","western"
"CCB-24","zh_TW","China Construction Bank","""銀聯信用卡受理商戶""","Toro Steakhouse & Gastro Bar","26969608","""自選菜式9折""","http://www.asia.ccb.com/hongkong_tc/personal/credit_cards/yearroundoffers/diningwes/index_content.html#tnc_desktop-toro","2016-01-01","2016-12-31","""尖沙咀柯士甸道西1號圓方(Elements)3樓R008號舖""","","western"
"CCB-25","zh_TW","China Construction Bank","""銀聯信用卡受理商戶"",""建行龍卡信用卡受理商戶""","Wedgwood Tea Bar","24667998","""惠顧堂食可享9折""","http://www.asia.ccb.com/hongkong_tc/personal/credit_cards/yearroundoffers/diningwes/index_content.html#tnc_desktop-wedgwood","2016-01-01","2016-12-31","""尖沙咀廣東道5號海港城海洋中心2樓K5號舖""","","western"
"CCB-26","zh_TW","China Construction Bank","""銀聯信用卡受理商戶"",""建行龍卡信用卡受理商戶""","BIEN BISTRO","21559022","""晚上9時後入座可享85折"",""惠顧晚市滿HKD200每枱可享免費1小時泊車優惠""","http://www.asia.ccb.com/hongkong_tc/personal/credit_cards/yearroundoffers/diningwes/index_content.html#tnc_desktop-bien-bistro","2016-01-01","2016-12-31","""荃灣楊屋道1號荃新天地1期1樓L117號舖""","","western"
"CCB-27","zh_TW","China Construction Bank","""銀聯信用卡受理商戶"",""建行龍卡信用卡受理商戶""","Olive Café","241238362156908826672788","""晚上9時後入座可享85折"",""惠顧晚市滿HKD200每枱可享免費1小時泊車優惠""","http://www.asia.ccb.com/hongkong_tc/personal/credit_cards/yearroundoffers/diningwes/index_content.html#tnc_desktop-olive-cafe","2016-01-01","2016-12-31","""荃灣西樓角路1-17號新領域廣場地下G4號舖"",""荃灣楊屋道1號荃新天地1期UG41號舖"",""大埔安邦路9號大埔超級城A區地下012A舖""","","western"
"CCB-28","zh_TW","China Construction Bank","""建行龍卡信用卡受理商戶""","意大利餐廳","262811172628103328863156","""惠顧自選菜式滿HKD300可享9折""","http://www.asia.ccb.com/hongkong_tc/personal/credit_cards/yearroundoffers/diningwes/index_content.html#tnc_desktop-resto","2016-01-01","2016-12-31","""屯門黃金海岸商場地下3-5號舖"",""深井深井村68號地下"",""東涌海濱路8號海堤灣畔商場地下G號舖""","","western"
"CCB-29","zh_TW","China Construction Bank","""建行龍卡信用卡受理商戶""","滿屋日本料理","3622336636221801","""惠顧晚市放題每餐枱送清酒一支""","http://www.asia.ccb.com/hongkong_tc/personal/credit_cards/yearroundoffers/diningjap/index_content.html#tnc_desktop-manya","2016-01-01","2016-12-31","""銅鑼灣駱克道463-483號銅鑼灣廣場2期8樓全層"",""尖沙咀北京道53-63號國都大厦地庫全層""","","asian,japanese"
"CCB-30","zh_TW","China Construction Bank","""銀聯信用卡受理商戶"",""建行龍卡信用卡受理商戶""","盛八日式燒肉店","258119333106018323668866/23803388","""惠顧滿HKD350可享香草牛油青殼岩蠔 (兩件) 乙客 (一般零售價HKD69)""","http://www.asia.ccb.com/hongkong_tc/personal/credit_cards/yearroundoffers/diningjap/index_content.html#tnc_desktop-morihachi-yakiniku","2016-01-01","2016-12-31","""中環擺花街8號3樓"",""銅鑼灣怡和街2-6號英光大廈3樓"",""尖沙咀亞士厘道23-25號雅士利中心3樓"",""旺角山東街38號38廣場3樓""","","asian,japanese"
"CCB-31","zh_TW","China Construction Bank","""銀聯信用卡受理商戶"",""建行龍卡信用卡受理商戶""","盛八食堂","28055711","""於晚市惠顧滿HKD100，即送意大利迷迭香手羽先乙客 (價值HKD48)""","http://www.asia.ccb.com/hongkong_tc/personal/credit_cards/yearroundoffers/diningjap/index_content.html#tnc_desktop-morihachi-kitchen-tamago","2016-01-01","2016-12-31","""銅鑼灣京士頓街9號名店坊1樓L102號舖""","","asian,japanese"
"CCB-32","zh_TW","China Construction Bank","""銀聯信用卡受理商戶"",""建行龍卡信用卡受理商戶""","味一番日本料理","2317671823669333","""惠顧晚市滿HKD300可享88折""","http://www.asia.ccb.com/hongkong_tc/personal/credit_cards/yearroundoffers/diningjap/index_content.html#tnc_desktop-aji-ichiban","2016-01-01","2016-12-31","""尖沙咀山林道22-26號地下"",""尖沙咀金巴利道65-67B號地下A舖""","","asian,japanese"
"CCB-33","zh_TW","China Construction Bank","""銀聯信用卡受理商戶"",""建行龍卡信用卡受理商戶""","盛八日式火鍋放題店","26160960/26160939","""惠顧""晚市90分鐘放題""，即送海鮮盛合乙客 (價值HKD48)""","http://www.asia.ccb.com/hongkong_tc/personal/credit_cards/yearroundoffers/diningjap/index_content.html#tnc_desktop-morihachi-shabu-shabu","2016-01-01","2016-12-31","""旺角通菜街1A-1J號威達商業大廈Deli2 3樓3B舖""","","asian,japanese"
"CCB-34","zh_TW","China Construction Bank","""建行龍卡信用卡受理商戶""","至尊滿屋日本料理","36222688","""惠顧晚市放題每餐枱送清酒一支""","http://www.asia.ccb.com/hongkong_tc/personal/credit_cards/yearroundoffers/diningjap/index_content.html#tnc_desktop-supreme-manya","2016-01-01","2016-12-31","""旺角彌敦道628號旺角瓊華中心7樓""","","asian,japanese"
"CCB-35","zh_TW","China Construction Bank","""建行龍卡信用卡受理商戶""","波羅密素食","27363939/2736398923176908/2317690923712208/23713237","""優惠價HKD588享用波羅密素食四人晚市套餐，套餐包括： - 日式原隻素鮑魚刺身 - 素瑤柱海皇西施羹 - 京式素牛仔柳 - 滬式賽螃蟹 - 香芋BB素斑仔 - 黑松露特色炒飯 (原價HKD668)""","http://www.asia.ccb.com/hongkong_tc/personal/credit_cards/yearroundoffers/diningothers/index_content.html#tnc_desktop-paramita","2016-01-01","2016-12-31","""尖沙咀彌敦道180號寶華商業大廈2字樓"",""天后琉璃街3C地舖"",""荔枝角長義街9號D2廣場3樓302號舖""","","others"
"CCB-36","zh_TW","China Construction Bank","""銀聯信用卡受理商戶""","Bombay Dreams","29710001","""自選菜式9折""","http://www.asia.ccb.com/hongkong_tc/personal/credit_cards/yearroundoffers/diningothers/index_content.html#tnc_desktop-bombay-dreams","2016-01-01","2016-12-31","""中環雲咸街77號嘉兆商業大廈4樓""","","others"
"CCB-37","zh_TW","China Construction Bank","""銀聯信用卡受理商戶"",""建行龍卡信用卡受理商戶""","火車頭越南餐室","2363483825283848","""惠顧晚市主餐牌滿HKD200，可享9折""","http://www.asia.ccb.com/hongkong_tc/personal/credit_cards/yearroundoffers/diningothers/index_content.html#tnc_desktop-cafe-locomotive","2016-01-01","2016-12-31","""灣仔謝斐道268-270號杜誌台地舖"",""灣仔譚臣道29號地下""","","others"
"CCB-38","zh_TW","China Construction Bank","""銀聯信用卡受理商戶""","新派素食","25205308","""自選菜式9折""","http://www.asia.ccb.com/hongkong_tc/personal/credit_cards/yearroundoffers/diningothers/index_content.html#tnc_desktop-khana-khazana","2016-01-01","2016-12-31","""灣仔盧押道20號其康大廈1樓""","","others"
"CCB-39","zh_TW","China Construction Bank","""銀聯信用卡受理商戶""","MAMA SAN by Will Meyrick","28818901","""自選菜式9折""","http://www.asia.ccb.com/hongkong_tc/personal/credit_cards/yearroundoffers/diningothers/index_content.html#tnc_desktop-mama-san","2016-01-01","2016-12-31","""中環雲咸街46號地下""","","others"
"CCB-40","zh_TW","China Construction Bank","""銀聯信用卡受理商戶"",""建行龍卡信用卡受理商戶""","喜喜冰室","2868036328810616","""惠顧晚市餐飲消費滿HKD200，可享9折""","http://www.asia.ccb.com/hongkong_tc/personal/credit_cards/yearroundoffers/diningothers/index_content.html#tnc_desktop-match-box","2016-01-01","2016-12-31","""銅鑼灣Fashion Walk加寧街8號地下2B舖"",""銅鑼灣新會道2號地下""","","others"
"CCB-41","zh_TW","China Construction Bank","""銀聯信用卡受理商戶""","Olive Greek & Middle Eastern","25211608","""自選菜式9折""","http://www.asia.ccb.com/hongkong_tc/personal/credit_cards/yearroundoffers/diningothers/index_content.html#tnc_desktop-olive","2016-01-01","2016-12-31","""中環蘇豪區伊利近街32號地下""","","others"
"CCB-42","zh_TW","China Construction Bank","""銀聯信用卡受理商戶""","Soho Spice Vietnamese & Thai","25211600","""自選菜式9折""","http://www.asia.ccb.com/hongkong_tc/personal/credit_cards/yearroundoffers/diningothers/index_content.html#tnc_desktop-soho-spice","2016-01-01","2016-12-31","""中環蘇豪伊利近街47B號地下""","","others"
"CCB-43","zh_TW","China Construction Bank","","Tamarind Pan","28277777","""萬事達卡信用卡尊享優惠 - 午市套餐及週日早午餐享4人同行1人免費""","http://www.asia.ccb.com/hongkong_tc/personal/credit_cards/yearroundoffers/diningothers/index_content.html#tnc_desktop-tamarind-pan","2016-01-01","2016-12-31","""灣仔港灣道30號新鴻基中心2樓""","","others"
"CCB-44","zh_TW","China Construction Bank","""銀聯信用卡受理商戶"",""建行龍卡信用卡受理商戶""","阿里朗韓國餐廳","29563288","""於星期一至五惠顧午市每位消費滿HKD100，可獲贈韓國果醋一杯"",""於星期一至五惠顧晚市每枱消費滿HKD300，可獲贈啤酒一杯""","http://www.asia.ccb.com/hongkong_tc/personal/credit_cards/yearroundoffers/diningothers/index_content.html#tnc_desktop-arirang","2016-01-01","2016-12-31","""尖沙咀亞士厘道33號九龍中心1樓A""","","others"
"CCB-45","zh_TW","China Construction Bank","""銀聯信用卡受理商戶""","Nahm Vietnamese & Thai","28107575","""自選菜式9折""","http://www.asia.ccb.com/hongkong_tc/personal/credit_cards/yearroundoffers/diningothers/index_content.html#tnc_desktop-nahm","2016-01-01","2016-12-31","""尖沙咀柯士甸道西1號圓方(Elements)1樓1044-45號舖""","","others"
"CCB-1","zh_CN","China Construction Bank","""银联信用卡受理商户"",""建行龙卡信用卡受理商户""","佳宁娜潮州菜","25111282","""惠顾晚市满HKD300送水晶包一客""","http://www.asia.ccb.com/hongkong_sc/personal/credit_cards/yearroundoffers/diningchi/index_content.html#tnc_desktop-carrianna","2016-01-01","2016-12-31","""湾仔告士打道151号安盛中心1楼""","","chinese"
"CCB-2","zh_CN","China Construction Bank","""建行龙卡信用卡受理商户""","蔷红特色茶餐厅","28383783","""惠顾指定套餐半价"",""免收加一""","http://www.asia.ccb.com/hongkong_sc/personal/credit_cards/yearroundoffers/diningchi/index_content.html#tnc_desktop-rose-kitchen","2016-01-01","2016-12-31","""湾仔庄士敦道194-204号湾仔商业中心1楼""","","chinese"
"CCB-3","zh_CN","China Construction Bank","""银联信用卡受理商户"",""建行龙卡信用卡受理商户""","霸王山庄","27231003","""指定晚市套餐7折""","http://www.asia.ccb.com/hongkong_sc/personal/credit_cards/yearroundoffers/diningchi/index_content.html#tnc_desktop-kings-lodge","2016-01-01","2016-12-31","""尖沙咀漆咸道南67-71号安年大厦地下""","","chinese"
"CCB-4","zh_CN","China Construction Bank","""建行龙卡信用卡受理商户""","西龙纤味","31055303","""全单货品9折""","http://www.asia.ccb.com/hongkong_sc/personal/credit_cards/yearroundoffers/diningchi/index_content.html#tnc_desktop-slim-taste","2016-01-01","2016-12-31","""乐富联合道198号乐富广场1楼1104号舖""","","chinese"
"CCB-5","zh_CN","China Construction Bank","""建行龙卡信用卡受理商户""","西龙传香饭团","31055303","""正价货品9折""","http://www.asia.ccb.com/hongkong_sc/personal/credit_cards/yearroundoffers/diningchi/index_content.html#tnc_desktop-qq-rice","2016-01-01","2016-12-31","""大屿山翔天路1号香港国际机场1号客运大楼7T087""","","chinese"
"CCB-6","zh_CN","China Construction Bank","","The Salted Pig","2367099027079459","""星期一至四：自选菜式85折"",""星期五至日：自选菜式9折""","http://www.asia.ccb.com/hongkong_sc/personal/credit_cards/yearroundoffers/diningwes/index_content.html#tnc_desktop-the-salted-pig","2016-01-01","2016-12-31","""尖沙咀诺士佛台1号地舖"",""西湾河鲤景湾太康街45号地下GB8-10号舖""","","western"
"CCB-7","zh_CN","China Construction Bank","""银联信用卡受理商户""","Bouchon Bistro Francais","25259300","""自选菜式9折""","http://www.asia.ccb.com/hongkong_sc/personal/credit_cards/yearroundoffers/diningwes/index_content.html#tnc_desktop-bouchon-bistro-francais","2016-01-01","2016-12-31","""中环苏豪伊利近街49号地下""","","western"
"CCB-8","zh_CN","China Construction Bank","""银联信用卡受理商户""","Craftsteak","25260999","""自选菜式9折""","http://www.asia.ccb.com/hongkong_sc/personal/credit_cards/yearroundoffers/diningwes/index_content.html#tnc_desktop-craftsteak","2016-01-01","2016-12-31","""中环苏豪伊利近街29号""","","western"
"CCB-9","zh_CN","China Construction Bank","""银联信用卡受理商户""","FoFo by el Willy","29002009","""每位客人可获赠Sangria一杯（适用于午市及晚市）""","http://www.asia.ccb.com/hongkong_sc/personal/credit_cards/yearroundoffers/diningwes/index_content.html#tnc_desktop-fofo","2016-01-01","2016-12-31","""中环威灵顿街2-8号M88 20楼""","","western"
"CCB-10","zh_CN","China Construction Bank","","Harvey Nichols四楼餐厅","36953389","""以HKD458享用特色4道菜晚市套餐 (原价：HKD558)""","http://www.asia.ccb.com/hongkong_sc/personal/credit_cards/yearroundoffers/diningwes/index_content.html#tnc_desktop-harvey-nichols","2016-01-01","2016-12-31","""中环德辅道中12-16号置地广场Harvey Nichols 4楼""","","western"
"CCB-11","zh_CN","China Construction Bank","""银联信用卡受理商户""","La Paloma","22916161","""每位客人可获赠Sangria一杯（适用于午市及晚市）""","http://www.asia.ccb.com/hongkong_sc/personal/credit_cards/yearroundoffers/diningwes/index_content.html#tnc_desktop-la-paloma","2016-01-01","2016-12-31","""西环皇后大道西189号SoHo189一楼""","","western"
"CCB-12","zh_CN","China Construction Bank","","Lily & Bloom","28106166","""惠顾晚市并预先订座，每位客人可获赠Prosecco一杯（周一至日）""","http://www.asia.ccb.com/hongkong_sc/personal/credit_cards/yearroundoffers/diningwes/index_content.html#tnc_desktop-lily-and-bloom","2016-01-01","2016-12-31","""中环兰桂坊云咸街33号LKF Tower 5楼及6楼""","","western"
"CCB-13","zh_CN","China Construction Bank","""银联信用卡受理商户""","Lupa","27966500","""自选菜式9折""","http://www.asia.ccb.com/hongkong_sc/personal/credit_cards/yearroundoffers/diningwes/index_content.html#tnc_desktop-lupa","2016-01-01","2016-12-31","""中环皇后大道中31号陆海通大厦3楼""","","western"
"CCB-14","zh_CN","China Construction Bank","","Madam Sixty Ate","25272558","""每位客人惠顾满HKD500可获赠甜品一客（适用于午市及晚市）""","http://www.asia.ccb.com/hongkong_sc/personal/credit_cards/yearroundoffers/diningwes/index_content.html#tnc_desktop-madam-sixty-ate","2016-01-01","2016-12-31","""湾仔庄士敦道60号1楼8号舖""","","western"
"CCB-15","zh_CN","China Construction Bank","""银联信用卡受理商户""","Manzo Italian Steak House","27353980","""自选菜式9折""","http://www.asia.ccb.com/hongkong_sc/personal/credit_cards/yearroundoffers/diningwes/index_content.html#tnc_desktop-manzo","2016-01-01","2016-12-31","""铜锣湾勿地臣街1号时代广场11楼1104号舖""","","western"
"CCB-16","zh_CN","China Construction Bank","""银联信用卡受理商户""","Panevino","25217366","""星期一至四：全单85折"",""星期五、六及日：全单9折""","http://www.asia.ccb.com/hongkong_sc/personal/credit_cards/yearroundoffers/diningwes/index_content.html#tnc_desktop-panevino","2016-01-01","2016-12-31","""半山罗便臣道30-32号地下""","","western"
"CCB-17","zh_CN","China Construction Bank","","Shore Steak","29151638","""星期一至四、星期六至日：自选菜式85折"",""星期五：自选菜式9折""","http://www.asia.ccb.com/hongkong_sc/personal/credit_cards/yearroundoffers/diningwes/index_content.html#tnc_desktop-shore-steak","2016-01-01","2016-12-31","""中环皇后大道中139号The L.Place 3及4楼""","","western"
"CCB-18","zh_CN","China Construction Bank","""银联信用卡受理商户""","Prego Italian","26515700","""自选菜式9折""","http://www.asia.ccb.com/hongkong_sc/personal/credit_cards/yearroundoffers/diningwes/index_content.html#tnc_desktop-prego","2016-01-01","2016-12-31","""中环苏豪伊利近街43号地下""","","western"
"CCB-19","zh_CN","China Construction Bank","","QUAYSIDE","26616708","""每位客人可获赠餐酒或prosecco一杯""","http://www.asia.ccb.com/hongkong_sc/personal/credit_cards/yearroundoffers/diningwes/index_content.html#tnc_desktop-quayside","2016-01-01","2016-12-31","""湾仔龙景街1号分域码头海军商场地下""","","western"
"CCB-20","zh_CN","China Construction Bank","""银联信用卡受理商户""","QUE MO","28360699","""全单9折 (只限晚市)"",""每位客人惠顾满HKD500可获赠饮品及甜品 (只限晚市)""","http://www.asia.ccb.com/hongkong_sc/personal/credit_cards/yearroundoffers/diningwes/index_content.html#tnc_desktop-que-mo","2016-01-01","2016-12-31","""湾仔皇后大道东202号QRE Plaza 5楼""","","western"
"CCB-21","zh_CN","China Construction Bank","""银联信用卡受理商户""","Timón Seafood Tapas Bar & Restaurant","21110484","""每位客人惠顾满HKD300可享自选菜式9折"",""每枱可免费获赠Deep-fried Padrón Pepper一客""","http://www.asia.ccb.com/hongkong_sc/personal/credit_cards/yearroundoffers/diningwes/index_content.html#tnc_desktop-timon-seafood","2016-01-01","2016-12-31","""湾仔船街33号地舖""","","western"
"CCB-22","zh_CN","China Construction Bank","""银联信用卡受理商户""","La Locanda by Giancarlo Perbellini","27859600","""自选菜式9折""","http://www.asia.ccb.com/hongkong_sc/personal/credit_cards/yearroundoffers/diningwes/index_content.html#tnc_desktop-la-locanda","2016-01-01","2016-12-31","""尖沙咀广东道17号海港城海洋中心4楼402号舖""","","western"
"CCB-23","zh_CN","China Construction Bank","""银联信用卡受理商户"",""建行龙卡信用卡受理商户""","Olive EVA","21112568","""晚上9时后入座可享85折"",""惠顾晚市满HKD200每枱可享免费1小时泊车优惠""","http://www.asia.ccb.com/hongkong_sc/personal/credit_cards/yearroundoffers/diningwes/index_content.html#tnc_desktop-olive-eva","2016-01-01","2016-12-31","""黄大仙睦邻街8号现崇山商场地下G1-G2号舖""","","western"
"CCB-24","zh_CN","China Construction Bank","""银联信用卡受理商户""","Toro Steakhouse & Gastro Bar","26969608","""自选菜式9折""","http://www.asia.ccb.com/hongkong_sc/personal/credit_cards/yearroundoffers/diningwes/index_content.html#tnc_desktop-toro","2016-01-01","2016-12-31","""尖沙咀柯士甸道西1号圆方(Elements)3楼R008号舖""","","western"
"CCB-25","zh_CN","China Construction Bank","""银联信用卡受理商户"",""建行龙卡信用卡受理商户""","Wedgwood Tea Bar","24667998","""惠顾堂食可享9折""","http://www.asia.ccb.com/hongkong_sc/personal/credit_cards/yearroundoffers/diningwes/index_content.html#tnc_desktop-wedgwood","2016-01-01","2016-12-31","""尖沙咀广东道5号海港城海洋中心2楼K5号舖""","","western"
"CCB-26","zh_CN","China Construction Bank","""银联信用卡受理商户"",""建行龙卡信用卡受理商户""","BIEN BISTRO","21559022","""晚上9时后入座可享85折"",""惠顾晚市满HKD200每枱可享免费1小时泊车优惠""","http://www.asia.ccb.com/hongkong_sc/personal/credit_cards/yearroundoffers/diningwes/index_content.html#tnc_desktop-bien-bistro","2016-01-01","2016-12-31","""荃湾杨屋道1号荃新天地1期1楼L117号舖""","","western"
"CCB-27","zh_CN","China Construction Bank","""银联信用卡受理商户"",""建行龙卡信用卡受理商户""","Olive Café","241238362156908826672788","""晚上9时后入座可享85折"",""惠顾晚市满HKD200每枱可享免费1小时泊车优惠""","http://www.asia.ccb.com/hongkong_sc/personal/credit_cards/yearroundoffers/diningwes/index_content.html#tnc_desktop-olive-cafe","2016-01-01","2016-12-31","""荃湾西楼角路1-17号新领域广场地下G4号舖"",""荃湾杨屋道1号荃新天地1期UG41号舖"",""大埔安邦路9号大埔超级城A区地下012A舖""","","western"
"CCB-28","zh_CN","China Construction Bank","""建行龙卡信用卡受理商户""","意大利餐厅","262811172628103328863156","""惠顾自选菜式满HKD300可享9折""","http://www.asia.ccb.com/hongkong_sc/personal/credit_cards/yearroundoffers/diningwes/index_content.html#tnc_desktop-resto","2016-01-01","2016-12-31","""屯门黄金海岸商场地下3-5号舖"",""深井深井村68号地下"",""东涌海滨路8号海堤湾畔商场地下G号舖""","","western"
"CCB-29","zh_CN","China Construction Bank","""建行龙卡信用卡受理商户""","满屋日本料理","3622336636221801","""惠顾晚市放题每餐枱送清酒一支""","http://www.asia.ccb.com/hongkong_sc/personal/credit_cards/yearroundoffers/diningjap/index_content.html#tnc_desktop-manya","2016-01-01","2016-12-31","""铜锣湾骆克道463-483号铜锣湾广场2期8楼全层"",""尖沙咀北京道53-63号国都大厦地库全层""","","asian,japanese"
"CCB-30","zh_CN","China Construction Bank","""银联信用卡受理商户"",""建行龙卡信用卡受理商户""","盛八日式烧肉店","258119333106018323668866/23803388","""惠顾满HKD350可享香草牛油青殼岩蚝 (两件) 乙客 (一般零售价HKD69)""","http://www.asia.ccb.com/hongkong_sc/personal/credit_cards/yearroundoffers/diningjap/index_content.html#tnc_desktop-morihachi-yakiniku","2016-01-01","2016-12-31","""中环摆花街8号3楼"",""铜锣湾怡和街2-6号英光大厦3楼"",""尖沙咀亚士厘道23-25号雅士利中心3楼"",""旺角山东街38号38广场3楼""","","asian,japanese"
"CCB-31","zh_CN","China Construction Bank","""银联信用卡受理商户"",""建行龙卡信用卡受理商户""","盛八食堂","28055711","""于晚市惠顾满HKD100，即送意大利迷迭香手羽先乙客 (价值HKD48)""","http://www.asia.ccb.com/hongkong_sc/personal/credit_cards/yearroundoffers/diningjap/index_content.html#tnc_desktop-morihachi-kitchen-tamago","2016-01-01","2016-12-31","""铜锣湾京士顿街9号名店坊1楼L102号舖""","","asian,japanese"
"CCB-32","zh_CN","China Construction Bank","""银联信用卡受理商户"",""建行龙卡信用卡受理商户""","味一番日本料理","2317671823669333","""惠顾晚市满HKD300可享88折""","http://www.asia.ccb.com/hongkong_sc/personal/credit_cards/yearroundoffers/diningjap/index_content.html#tnc_desktop-aji-ichiban","2016-01-01","2016-12-31","""尖沙咀山林道22-26号地下"",""尖沙咀金巴利道65-67B号地下A舖""","","asian,japanese"
"CCB-33","zh_CN","China Construction Bank","""银联信用卡受理商户"",""建行龙卡信用卡受理商户""","盛八日式火锅放题店","26160960/26160939","""惠顾""晚市90分钟放题""，即送海鲜盛合乙客 (价值HKD48)""","http://www.asia.ccb.com/hongkong_sc/personal/credit_cards/yearroundoffers/diningjap/index_content.html#tnc_desktop-morihachi-shabu-shabu","2016-01-01","2016-12-31","""旺角通菜街1A-1J号威达商业大厦Deli2 3楼3B舖""","","asian,japanese"
"CCB-34","zh_CN","China Construction Bank","""建行龙卡信用卡受理商户""","至尊满屋日本料理","36222688","""惠顾晚市放题每餐枱送清酒一支""","http://www.asia.ccb.com/hongkong_sc/personal/credit_cards/yearroundoffers/diningjap/index_content.html#tnc_desktop-supreme-manya","2016-01-01","2016-12-31","""旺角弥敦道628号旺角琼华中心7楼""","","asian,japanese"
"CCB-35","zh_CN","China Construction Bank","""建行龙卡信用卡受理商户""","波罗密素食","27363939/2736398923176908/2317690923712208/23713237","""优惠价HKD588享用波罗密素食四人晚市套餐，套餐包括： - 日式原只素鲍鱼刺身 - 素瑶柱海皇西施羹 - 京式素牛仔柳 - 沪式赛螃蟹 - 香芋BB素斑仔 - 黑松露特色炒饭 (原价HKD668)""","http://www.asia.ccb.com/hongkong_sc/personal/credit_cards/yearroundoffers/diningothers/index_content.html#tnc_desktop-paramita","2016-01-01","2016-12-31","""尖沙咀弥敦道180号宝华商业大厦2字楼"",""天后琉璃街3C地舖"",""荔枝角长义街9号D2广场3楼302号舖""","","others"
"CCB-36","zh_CN","China Construction Bank","""银联信用卡受理商户""","Bombay Dreams","29710001","""自选菜式9折""","http://www.asia.ccb.com/hongkong_sc/personal/credit_cards/yearroundoffers/diningothers/index_content.html#tnc_desktop-bombay-dreams","2016-01-01","2016-12-31","""中环云咸街77号嘉兆商业大厦4楼""","","others"
"CCB-37","zh_CN","China Construction Bank","""银联信用卡受理商户"",""建行龙卡信用卡受理商户""","火车头越南餐室","2363483825283848","""惠顾晚市主餐牌满HKD200，可享9折""","http://www.asia.ccb.com/hongkong_sc/personal/credit_cards/yearroundoffers/diningothers/index_content.html#tnc_desktop-cafe-locomotive","2016-01-01","2016-12-31","""湾仔谢斐道268-270号杜志台地舖"",""湾仔谭臣道29号地下""","","others"
"CCB-38","zh_CN","China Construction Bank","""银联信用卡受理商户""","新派素食","25205308","""自选菜式9折""","http://www.asia.ccb.com/hongkong_sc/personal/credit_cards/yearroundoffers/diningothers/index_content.html#tnc_desktop-khana-khazana","2016-01-01","2016-12-31","""湾仔卢押道20号其康大厦1楼""","","others"
"CCB-39","zh_CN","China Construction Bank","""银联信用卡受理商户""","MAMA SAN by Will Meyrick","28818901","""自选菜式9折""","http://www.asia.ccb.com/hongkong_sc/personal/credit_cards/yearroundoffers/diningothers/index_content.html#tnc_desktop-mama-san","2016-01-01","2016-12-31","""中环云咸街46号地下""","","others"
"CCB-40","zh_CN","China Construction Bank","""银联信用卡受理商户"",""建行龙卡信用卡受理商户""","喜喜冰室","2868036328810616","""惠顾晚市餐饮消费满HKD200，可享9折""","http://www.asia.ccb.com/hongkong_sc/personal/credit_cards/yearroundoffers/diningothers/index_content.html#tnc_desktop-match-box","2016-01-01","2016-12-31","""铜锣湾Fashion Walk加宁街8号地下2B舖"",""铜锣湾新会道2号地下""","","others"
"CCB-41","zh_CN","China Construction Bank","""银联信用卡受理商户""","Olive Greek & Middle Eastern","25211608","""自选菜式9折""","http://www.asia.ccb.com/hongkong_sc/personal/credit_cards/yearroundoffers/diningothers/index_content.html#tnc_desktop-olive","2016-01-01","2016-12-31","""中环苏豪区伊利近街32号地下""","","others"
"CCB-42","zh_CN","China Construction Bank","""银联信用卡受理商户""","Soho Spice Vietnamese & Thai","25211600","""自选菜式9折""","http://www.asia.ccb.com/hongkong_sc/personal/credit_cards/yearroundoffers/diningothers/index_content.html#tnc_desktop-soho-spice","2016-01-01","2016-12-31","""中环苏豪伊利近街47B号地下""","","others"
"CCB-43","zh_CN","China Construction Bank","","Tamarind Pan","28277777","""万事达卡信用卡尊享优惠 - 午市套餐及周日早午餐享4人同行1人免费""","http://www.asia.ccb.com/hongkong_sc/personal/credit_cards/yearroundoffers/diningothers/index_content.html#tnc_desktop-tamarind-pan","2016-01-01","2016-12-31","""湾仔港湾道30号新鸿基中心2楼""","","others"
"CCB-44","zh_CN","China Construction Bank","""银联信用卡受理商户"",""建行龙卡信用卡受理商户""","阿里朗韩国餐厅","29563288","""于星期一至五惠顾午市每位消费满HKD100，可获赠韩国果醋一杯"",""于星期一至五惠顾晚市每枱消费满HKD300，可获赠啤酒一杯""","http://www.asia.ccb.com/hongkong_sc/personal/credit_cards/yearroundoffers/diningothers/index_content.html#tnc_desktop-arirang","2016-01-01","2016-12-31","""尖沙咀亚士厘道33号九龙中心1楼A""","","others"
"CCB-45","zh_CN","China Construction Bank","""银联信用卡受理商户""","Nahm Vietnamese & Thai","28107575","""自选菜式9折""","http://www.asia.ccb.com/hongkong_sc/personal/credit_cards/yearroundoffers/diningothers/index_content.html#tnc_desktop-nahm","2016-01-01","2016-12-31","""尖沙咀柯士甸道西1号圆方(Elements)1楼1044-45号舖""","","others"
