"id","language","bank","card","merchant","merchantPhone","benefit","tAndCLink","from","to","storeLocation","imageUrl"
"SC-1","en","Standard Chatard","""Standard Chartered Visa Credit Card"",""Standard Chartered MasterCard"",""Standard Chartered UnionPay Dual Currency Platinum Credit Card""","Tiger Curry","20111051","""10% off all Takeaway orders"",""10% off all dine-in bills over HK$300 (before service charge)""","https://www.sc.com/hk/promotion/credit-cards/year-round-offers-2016/dining-western.html","2016-01-01","2016-12-31","""G/F, 13 Pennington Street, Causeway Bay""","https://www.sc.com/hk/promotion/credit-cards/year-round-offers-2016/images/17-tiger-curry.jpg"
"SC-2","en","Standard Chatard","""Standard Chartered Visa Credit Card"",""Standard Chartered MasterCard"",""Standard Chartered UnionPay Dual Currency Platinum Credit Card"",""Standard Chartered WorldMiles Card (formerly known as Standard Chartered American Express® Card)""","The Langham Hong Kong - Main St. Deli","21327898","""12% off on a la carte food items for lunch and dinner""","https://www.sc.com/hk/promotion/credit-cards/year-round-offers-2016/dining-hotel.html","2016-01-01","2016-12-31","""Lower lobby, The Langham, Hong Kong, 8 Peking Road, Tsim Sha Tsui, Kowloon""","https://www.sc.com/hk/promotion/credit-cards/year-round-offers-2016/images/36.gif"
"SC-3","en","Standard Chatard","""Standard Chartered Visa Credit Card"",""Standard Chartered MasterCard"",""Standard Chartered UnionPay Dual Currency Platinum Credit Card"",""Standard Chartered WorldMiles Card (formerly known as Standard Chartered American Express® Card)""","The Langham Hong Kong - Palm Court","21327898","""12% off on Afternoon Tea""","https://www.sc.com/hk/promotion/credit-cards/year-round-offers-2016/dining-hotel.html","2016-01-01","2016-12-31","""Lobby,The Langham,Hong Kong, 8 Peking Road, Tsim Sha Tsui, Kowloon""","https://www.sc.com/hk/promotion/credit-cards/year-round-offers-2016/images/37.gif"
"SC-4","en","Standard Chatard","""Standard Chartered Visa Credit Card"",""Standard Chartered MasterCard"",""Standard Chartered UnionPay Dual Currency Platinum Credit Card"",""Standard Chartered WorldMiles Card (formerly known as Standard Chartered American Express® Card)""","The Langham Hong Kong - The Bostonian","21327898","""12% off on a la carte food items for lunch and dinner""","https://www.sc.com/hk/promotion/credit-cards/year-round-offers-2016/dining-hotel.html","2016-01-01","2016-12-31","""Lower lobby, The Langham, 8 Peking Road, Tsim Sha Tsui, Kowloon""","https://www.sc.com/hk/promotion/credit-cards/year-round-offers-2016/images/38.gif"
"SC-5","en","Standard Chatard","""Standard Chartered Visa Credit Card"",""Standard Chartered MasterCard"",""Standard Chartered UnionPay Dual Currency Platinum Credit Card"",""Standard Chartered WorldMiles Card (formerly known as Standard Chartered American Express® Card)""","Harbour Plaza Resort City - New York New York Restaurant","21806688","""20% off on lunch buffet and 10% off on dinner buffet on Saturday"",""10% off on lunch buffet and 20% off on dinner buffet on Sunday""","https://www.sc.com/hk/promotion/credit-cards/year-round-offers-2016/dining-hotel.html","2016-01-01","2016-12-31","""G/F, Harbour Plaza Resort City, Hotel Tower II, 18 Tin Yan Road, Tin Shui Wai, New Territories""","https://www.sc.com/hk/promotion/credit-cards/year-round-offers-2016/images/113-harbour-plaza-resort-city-new-york-restaurant.jpg"
"SC-6","en","Standard Chatard","""Standard Chartered Visa Credit Card"",""Standard Chartered MasterCard"",""Standard Chartered UnionPay Dual Currency Platinum Credit Card"",""Standard Chartered WorldMiles Card (formerly known as Standard Chartered American Express® Card)""","Harbour Plaza Resort City - Coffee Corner","21806688","""20% off on food and beverages""","https://www.sc.com/hk/promotion/credit-cards/year-round-offers-2016/dining-hotel.html","2016-01-01","2016-12-31","""G/F, Harbour Plaza Resort City, Hotel Tower II, 18 Tin Yan Road, Tin Shui Wai, New Territories""","https://www.sc.com/hk/promotion/credit-cards/year-round-offers-2016/images/114-harbour-plaza-resort-city-coffee-corner.jpg"
"SC-7","en","Standard Chatard","""Standard Chartered Visa Credit Card"",""Standard Chartered MasterCard"",""Standard Chartered UnionPay Dual Currency Platinum Credit Card"",""Standard Chartered WorldMiles Card (formerly known as Standard Chartered American Express® Card)""","Harbour Plaza Resort City - Li Bai Bar","21806688","""20% off on buffets""","https://www.sc.com/hk/promotion/credit-cards/year-round-offers-2016/dining-hotel.html","2016-01-01","2016-12-31","""G/F, Harbour Plaza Resort City, Hotel Tower I, 12 Tin Yan Road, Tin Shui Wai, New Territories""","https://www.sc.com/hk/promotion/credit-cards/year-round-offers-2016/images/115-harbour-plaza-resort-city-li-bai-bar.jpg"
"SC-8","en","Standard Chatard","""Standard Chartered Visa Credit Card"",""Standard Chartered MasterCard"",""Standard Chartered UnionPay Dual Currency Platinum Credit Card"",""Standard Chartered WorldMiles Card (formerly known as Standard Chartered American Express® Card)""","New World Millennium Hong Kong Hotel - Lobby Lounge","23134210","""15% off on food and beverage""","https://www.sc.com/hk/promotion/credit-cards/year-round-offers-2016/dining-hotel.html","2016-01-01","2016-12-31","""M/F, New World Millennium Hong Kong Hotel, 72 Mody Road,  Tsim Sha Tsui  East, Kowloon""","https://www.sc.com/hk/promotion/credit-cards/year-round-offers-2016/images/186-new-world-millennium-lobby-lounge.jpg"
"SC-9","en","Standard Chatard","""Standard Chartered Visa Credit Card"",""Standard Chartered MasterCard"",""Standard Chartered UnionPay Dual Currency Platinum Credit Card"",""Standard Chartered WorldMiles Card (formerly known as Standard Chartered American Express® Card)""","New World Millennium Hong Kong Hotel - Sagano","23134215","""15% off on food and beverage""","https://www.sc.com/hk/promotion/credit-cards/year-round-offers-2016/dining-hotel.html","2016-01-01","2016-12-31","""1/F, New World Millennium Hong Kong Hotel, 72 Mody Road,  Tsim Sha Tsui  East, Kowloon""","https://www.sc.com/hk/promotion/credit-cards/year-round-offers-2016/images/183-new-world-millennium-hotel-Sagano.jpg"
"SC-10","en","Standard Chatard","""Standard Chartered Visa Credit Card"",""Standard Chartered MasterCard"",""Standard Chartered UnionPay Dual Currency Platinum Credit Card"",""Standard Chartered WorldMiles Card (formerly known as Standard Chartered American Express® Card)""","New World Millennium Hong Kong Hotel - La Table","23134221","""15% off on food and beverage""","https://www.sc.com/hk/promotion/credit-cards/year-round-offers-2016/dining-hotel.html","2016-01-01","2016-12-31","""1/F, New World Millennium Hong Kong Hotel, 72 Mody Road,  Tsim Sha Tsui  East, Kowloon""","https://www.sc.com/hk/promotion/credit-cards/year-round-offers-2016/images/184-new-world-millennium-la-table.jpg"
"SC-11","en","Standard Chatard","""Standard Chartered Visa Credit Card"",""Standard Chartered MasterCard"",""Standard Chartered UnionPay Dual Currency Platinum Credit Card"",""Standard Chartered WorldMiles Card (formerly known as Standard Chartered American Express® Card)""","New World Millennium Hong Kong Hotel - Café East","23134222","""15% off on food and beverage""","https://www.sc.com/hk/promotion/credit-cards/year-round-offers-2016/dining-hotel.html","2016-01-01","2016-12-31","""1/F, New World Millennium Hong Kong Hotel, 72 Mody Road,  Tsim Sha Tsui  East, Kowloon""","https://www.sc.com/hk/promotion/credit-cards/year-round-offers-2016/images/181-new-world-millennium-cafe-east.jpg"
"SC-12","en","Standard Chatard","""Standard Chartered Visa Credit Card"",""Standard Chartered MasterCard"",""Standard Chartered UnionPay Dual Currency Platinum Credit Card"",""Standard Chartered WorldMiles Card (formerly known as Standard Chartered American Express® Card)""","New World Millennium Hong Kong Hotel - Tao Li","23134225","""15% off on food and beverage""","https://www.sc.com/hk/promotion/credit-cards/year-round-offers-2016/dining-hotel.html","2016-01-01","2016-12-31","""2/F, New World Millennium Hong Kong Hotel, 72 Mody Road,  Tsim Sha Tsui  East, Kowloon""","https://www.sc.com/hk/promotion/credit-cards/year-round-offers-2016/images/182-new-world-millennium-tao-li.jpg"
"SC-13","en","Standard Chatard","""Standard Chartered Visa Credit Card"",""Standard Chartered MasterCard"",""Standard Chartered UnionPay Dual Currency Platinum Credit Card"",""Standard Chartered WorldMiles Card (formerly known as Standard Chartered American Express® Card)""","New World Millennium Hong Kong Hotel - Bar on 15","23134245","""15% off on food and beverage""","https://www.sc.com/hk/promotion/credit-cards/year-round-offers-2016/dining-hotel.html","2016-01-01","2016-12-31","""15/F, New World Millennium Hong Kong Hotel, 72 Mody Road,  Tsim Sha Tsui  East, Kowloon""","https://www.sc.com/hk/promotion/credit-cards/year-round-offers-2016/images/185-new-world-millennium-bar-on-15.jpg"
"SC-14","en","Standard Chatard","""Standard Chartered Visa Credit Card"",""Standard Chartered MasterCard""","BLUEDUCK WORKSHOP","23513918","""10% off on whole dinners"",""A complimentary birthday cake upon 4 persons or above dining""","https://www.sc.com/hk/promotion/credit-cards/year-round-offers-2016/dining-western.html","2016-01-01","2016-12-31","""Flat A, 3/F Fully Industrial Building, 6 Tsun Yip Lane, Kwun Tong, Kowloon""","https://www.sc.com/hk/promotion/credit-cards/year-round-offers/images/logo/dining-western/blueduck-workshop.gif"
"SC-15","en","Standard Chatard","""Standard Chartered Visa Credit Card"",""Standard Chartered MasterCard""","Fullhouse Signature","23692813","""10% off upon dine-in spending of HK$400 or above""","https://www.sc.com/hk/promotion/credit-cards/year-round-offers-2016/dining-western.html","2016-01-01","2016-12-31","""Shop 1A, G/F, BCC Building, 25-31 Carnarvon Road, Tsim Sha Tsui, Kowloon""","https://www.sc.com/hk/promotion/credit-cards/year-round-offers/images/logo/123-Fullhouse-Signature.gif"
"SC-16","en","Standard Chatard","""Standard Chartered Visa Credit Card"",""Standard Chartered MasterCard"",""Standard Chartered UnionPay Dual Currency Platinum Credit Card""","Urawa Japanese Restaurant","24986828","""10% off on à la carte dinner menu for dine-in from Sunday to Thursday""","https://www.sc.com/hk/promotion/credit-cards/year-round-offers-2016/dining-asian.html","2016-01-01","2016-12-31","""3/F, Lik Sang Plaza, 269 Castle Peak Road,  Tsuen Wan , New Territories""","https://www.sc.com/hk/promotion/credit-cards/year-round-offers/images/logo/dining-japanese/urawa-japanese-restaurant.gif"
"SC-17","en","Standard Chatard","""Standard Chartered Visa Credit Card"",""Standard Chartered MasterCard""","Hang Cheong Loong Bird's Nest & Ginseng Ltd.","25423039","""10% off on regular-priced of Bird's nest, Ginseng and Healthcare products""","https://www.sc.com/hk/promotion/credit-cards/year-round-offers-2016/dining-others.html","2016-01-01","2016-12-31","""G/F, 62 Wing Lok Street, Sheung Wan , Hong Kong""","https://www.sc.com/hk/promotion/credit-cards/year-round-offers/images/logo/dining-others/hang-cheong-loong.gif"
"SC-18","en","Standard Chatard","""Standard Chartered Visa Credit Card"",""Standard Chartered MasterCard"",""Standard Chartered UnionPay Dual Currency Platinum Credit Card""","Lam Kie Yuen Tea Co. Ltd.","25437154","""10% off on regular-priced items upon purchase of HK$200""","https://www.sc.com/hk/promotion/credit-cards/year-round-offers-2016/dining-others.html","2016-01-01","2016-12-31","""G/F, 105-107 Bonham Strand East, Sheung Wan, Hong Kong""","https://www.sc.com/hk/promotion/credit-cards/year-round-offers/images/logo/dining-others/lam-kie-yuen.gif"
"SC-19","en","Standard Chatard","""Standard Chartered Visa Credit Card"",""Standard Chartered MasterCard"",""Standard Chartered UnionPay Dual Currency Platinum Credit Card"",""Standard Chartered WorldMiles Card (formerly known as Standard Chartered American Express® Card)""","Best Western Hotel Harbour View - Terrace Café","25999843","""10% off on set lunch appetizer buffet (Monday to Friday)"",""10% off on weekend set lunch (Saturday, Sunday and public holidays)"",""10% off on set dinner""","https://www.sc.com/hk/promotion/credit-cards/year-round-offers-2016/dining-hotel.html","2016-01-01","2016-12-31","""3/F, Best Western Hotel Harbour View, 239 Queen's Road West, Western District, Hong Kong""","https://www.sc.com/hk/promotion/credit-cards/year-round-offers-2016/images/135-best-western-hotel-harbour-terrace-cafe.jpg"
"SC-20","en","Standard Chatard","""Standard Chartered Visa Credit Card"",""Standard Chartered MasterCard""","Nasubi Japanese Restaurant","26700662","""A complimentary Green Tea Hotpot upon spending of HK$1,000 or above per table (valued at HK$98) on dinner"",""A complimentary dessert upon patronage on dinner""","https://www.sc.com/hk/promotion/credit-cards/year-round-offers-2016/dining-asian.html","2016-01-01","2016-12-31","""Shops 6-8, G/F, Tonnochy Towers, 260-264 Jaffe Road, Wan Chai, Hong Kong""","https://www.sc.com/hk/promotion/credit-cards/year-round-offers/images/logo/058-Nasubi-Japanese-Restaurant.gif"
"SC-21","en","Standard Chatard","""Standard Chartered Visa Credit Card"",""Standard Chartered MasterCard"",""Standard Chartered UnionPay Dual Currency Platinum Credit Card"",""Standard Chartered WorldMiles Card (formerly known as Standard Chartered American Express® Card)""","The Royal Pacific Hotel & Towers - Café on the PARK","27382322","""20% off on buffets""","https://www.sc.com/hk/promotion/credit-cards/year-round-offers-2016/dining-hotel.html","2016-01-01","2016-12-31","""2/F, Hotel Wing, The Royal Pacific Hotel & Towers, China Hong Kong City, 33 Canton Road, Tsim Sha Tsui, Kowloon""","https://www.sc.com/hk/promotion/credit-cards/year-round-offers-2016/images/203-the-royal-pacific-hotel-towers-Cafe-on-the-park.jpg"
"SC-22","en","Standard Chatard","""Standard Chartered Visa Credit Card"",""Standard Chartered MasterCard"",""Standard Chartered UnionPay Dual Currency Platinum Credit Card"",""Standard Chartered WorldMiles Card (formerly known as Standard Chartered American Express® Card)""","The Royal Pacific Hotel & Towers - Pierside Bar & Restaurant","27382398","""20% off on à la carte menu"",""15% off on lunch and dinner set menus""","https://www.sc.com/hk/promotion/credit-cards/year-round-offers-2016/dining-hotel.html","2016-01-01","2016-12-31","""Upper Lobby, Towers Wing, The Royal Pacific Hotel & Towers, China Hong Kong City, 33 Canton Road, Tsim Sha Tsui, Kowloon""","https://www.sc.com/hk/promotion/credit-cards/year-round-offers-2016/images/204-the-royal-pacific-hotel-towers-pierside-bar-restaurant.jpg"
"SC-23","en","Standard Chatard","""Standard Chartered Visa Credit Card"",""Standard Chartered MasterCard"",""Standard Chartered UnionPay Dual Currency Platinum Credit Card"",""Standard Chartered WorldMiles Card (formerly known as Standard Chartered American Express® Card)""","Espuma","27392080","""A complimentary full size of Daily Waffle upon spending of HK$400 or above per table""","https://www.sc.com/hk/promotion/credit-cards/year-round-offers-2016/dining-western.html","2016-01-01","2016-12-31","""2/F, H8, 8 Hau Fook Street, Tsim Sha Tsui, Kowloon 17/F, M88, 2-8 Wellington Street, Wellington Plaza, Central, Hong Kong 25/F, QRE Plaza, 202 Queen's Road East, Wan Chai, Hong Kong""","https://www.sc.com/hk/promotion/credit-cards/year-round-offers/images/logo/dining-western/espuma.gif"
"SC-24","en","Standard Chatard","""Standard Chartered Visa Credit Card"",""Standard Chartered MasterCard"",""Standard Chartered UnionPay Dual Currency Platinum Credit Card"",""Standard Chartered WorldMiles Card (formerly known as Standard Chartered American Express® Card)""","Fiat Caffé","28084777","""Two complimentary cups of Smoothie upon dine-in spending of HK$500 or above from Monday to Friday""","https://www.sc.com/hk/promotion/credit-cards/year-round-offers-2016/dining-western.html","2016-01-01","2016-12-31","""Shop B1018, B1, Miramar Shopping Centre, No. 132 Nathan Road,  Tsim Sha Tsui , Kowloon""","https://www.sc.com/hk/promotion/credit-cards/year-round-offers/images/logo/dining-western/fiat-caffe.gif"
"SC-25","en","Standard Chatard","""Standard Chartered Visa Credit Card"",""Standard Chartered MasterCard"",""Standard Chartered UnionPay Dual Currency Platinum Credit Card"",""Standard Chartered WorldMiles Card (formerly known as Standard Chartered American Express® Card)""","Bloom","28106166","""10% off Food & Beverage bills over HK$ 1,000 (before service charge)"",""Complimentary free flow drinks package for brunch reservations on Saturdays for 2 diners or more.""","https://www.sc.com/hk/promotion/credit-cards/year-round-offers-2016/dining-western.html","2016-01-01","2016-12-31","""5/F LKF Tower, 33 Wyndham Street, Central""","https://www.sc.com/hk/promotion/credit-cards/year-round-offers-2016/images/16-bloom.jpg"
"SC-26","en","Standard Chatard","""Standard Chartered Visa Credit Card"",""Standard Chartered MasterCard"",""Standard Chartered UnionPay Dual Currency Platinum Credit Card"",""Standard Chartered WorldMiles Card (formerly known as Standard Chartered American Express® Card)""","The Excelsior, Hong Kong - Cammino","28376780","""10% off on food items""","https://www.sc.com/hk/promotion/credit-cards/year-round-offers-2016/dining-hotel.html","2016-01-01","2016-12-31","""1/F, The Excelsior, Hong Kong, 281 Gloucester Road, Causeway Bay, Hong Kong""","https://www.sc.com/hk/promotion/credit-cards/year-round-offers-2016/images/070-the-excelsior-hong-kong.jpg"
"SC-27","en","Standard Chatard","""Standard Chartered Visa Credit Card"",""Standard Chartered MasterCard"",""Standard Chartered UnionPay Dual Currency Platinum Credit Card"",""Standard Chartered WorldMiles Card (formerly known as Standard Chartered American Express® Card)""","The Excelsior, Hong Kong - Café on the 1st","28376781","""10% off on food items""","https://www.sc.com/hk/promotion/credit-cards/year-round-offers-2016/dining-hotel.html","2016-01-01","2016-12-31","""1/F, The Excelsior, Hong Kong, 281 Gloucester Road, Causeway Bay, Hong Kong""","https://www.sc.com/hk/promotion/credit-cards/year-round-offers-2016/images/067-the-excelsior-hong-kong.jpg"
"SC-28","en","Standard Chatard","""Standard Chartered Visa Credit Card"",""Standard Chartered MasterCard"",""Standard Chartered UnionPay Dual Currency Platinum Credit Card"",""Standard Chartered WorldMiles Card (formerly known as Standard Chartered American Express® Card)""","The Excelsior, Hong Kong - Dickens Bar","28376782","""10% off on food items""","https://www.sc.com/hk/promotion/credit-cards/year-round-offers-2016/dining-hotel.html","2016-01-01","2016-12-31","""LG/F, The Excelsior, Hong Kong, 281 Gloucester Road, Causeway Bay, Hong Kong""","https://www.sc.com/hk/promotion/credit-cards/year-round-offers-2016/images/068-the-excelsior-hong-kong.jpg"
"SC-29","en","Standard Chatard","""Standard Chartered Visa Credit Card"",""Standard Chartered MasterCard"",""Standard Chartered UnionPay Dual Currency Platinum Credit Card"",""Standard Chartered WorldMiles Card (formerly known as Standard Chartered American Express® Card)""","The Excelsior, Hong Kong - ToTT's and Roof Terrace","28376786","""10% off on food items""","https://www.sc.com/hk/promotion/credit-cards/year-round-offers-2016/dining-hotel.html","2016-01-01","2016-12-31","""34/F, The Excelsior, Hong Kong, 281 Gloucester Road, Causeway Bay, Hong Kong""","https://www.sc.com/hk/promotion/credit-cards/year-round-offers-2016/images/071-the-excelsior-hong-kong.jpg"
"SC-30","en","Standard Chatard","""Standard Chartered Visa Credit Card"",""Standard Chartered MasterCard"",""Standard Chartered UnionPay Dual Currency Platinum Credit Card"",""Standard Chartered WorldMiles Card (formerly known as Standard Chartered American Express® Card)""","The Excelsior, Hong Kong - Yee Tung Heen","28376790","""10% off on food items""","https://www.sc.com/hk/promotion/credit-cards/year-round-offers-2016/dining-hotel.html","2016-01-01","2016-12-31","""2/F, The Excelsior, Hong Kong, 281 Gloucester Road, Causeway Bay, Hong Kong""","https://www.sc.com/hk/promotion/credit-cards/year-round-offers-2016/images/069-the-excelsior-hong-kong.jpg"
"SC-31","en","Standard Chatard","""Standard Chartered Visa Credit Card"",""Standard Chartered MasterCard"",""Standard Chartered UnionPay Dual Currency Platinum Credit Card"",""Standard Chartered WorldMiles Card (formerly known as Standard Chartered American Express® Card)""","Ice Cream Gallery","28388086","""Buy 3-Get-1 Free scoop (regular flavour ice-cream)"",""15% off on ice cream and dessert making class""","https://www.sc.com/hk/promotion/credit-cards/year-round-offers-2016/dining-others.html","2016-01-01","2016-12-31","""Room 611, 6/F, Shing Yip Industrial Building, 19 Shing Yip Street, Kwun Tong, Kowloon""","https://www.sc.com/hk/promotion/credit-cards/year-round-offers-2016/images/040-ice-cream-gallery.jpg"
"SC-32","en","Standard Chatard","""Standard Chartered Visa Credit Card"",""Standard Chartered MasterCard"",""Standard Chartered UnionPay Dual Currency Platinum Credit Card"",""Standard Chartered WorldMiles Card (formerly known as Standard Chartered American Express® Card)""","Urawa Japanese Restaurant","28508226","""10% off on à la carte dinner menu for dine-in from Sunday to Thursday""","https://www.sc.com/hk/promotion/credit-cards/year-round-offers-2016/dining-asian.html","2016-01-01","2016-12-31","""G/F, Tung Hip Commercial Building, 244-252 Des Voeux Road Central, Sheung Wan, Hong Kong""","https://www.sc.com/hk/promotion/credit-cards/year-round-offers/images/logo/dining-japanese/urawa-japanese-restaurant-2.gif"
"SC-33","en","Standard Chatard","""Standard Chartered Visa Credit Card"",""Standard Chartered MasterCard"",""Standard Chartered UnionPay Dual Currency Platinum Credit Card""","Gui Tea (HK) Co. Ltd","28779318","""10% off on regular-priced items upon spending of HK$600 or above""","https://www.sc.com/hk/promotion/credit-cards/year-round-offers-2016/dining-others.html","2016-01-01","2016-12-31","""Shop B1019A, Tsim Sha Tsui Miramar Shopping Centre, Tsim Sha Tsui, Kowloon Shop HOK56, Tung Chung Line Concourse, Hong Kong MTR Station, Hong Kong Shop KOT17, Kowloon Tong MTR Station Concourse, Kowloon""","https://www.sc.com/hk/promotion/credit-cards/year-round-offers/images/logo/dining-others/gui-tea-hk.gif"
"SC-34","en","Standard Chatard","""Standard Chartered Visa Credit Card"",""Standard Chartered MasterCard"",""Standard Chartered WorldMiles Card (formerly known as Standard Chartered American Express® Card)""","Jebsen Fine Wines","29262312","""15% off"",""A complimentary bottle of Baron de Ley Gran Reserva, Rioja Spain (valued at HK$261) upon first purchase of HK$1,000"",""Priority bookings to Jebsen Fine Wines events and first access to wines with exclusive and limited release""","https://www.sc.com/hk/promotion/credit-cards/year-round-offers-2016/dining-western.html","2016-01-01","2016-12-31","","https://www.sc.com/hk/promotion/credit-cards/year-round-offers/images/logo/023-Jebsen-Fine-Wines.gif"
"SC-35","en","Standard Chatard","""Standard Chartered Visa Credit Card"",""Standard Chartered MasterCard"",""Standard Chartered UnionPay Dual Currency Platinum Credit Card"",""Standard Chartered WorldMiles Card (formerly known as Standard Chartered American Express® Card)""","Bay Bridge Hong Kong by HOTEL G - Anchor’s Seafood and Beer House","29451138","""15% off all buffets""","https://www.sc.com/hk/promotion/credit-cards/year-round-offers-2016/dining-hotel.html","2016-01-01","2016-12-31","""123 Castle Peak Road, Yau Kom Tau, Tsuen Wan""","https://www.sc.com/hk/promotion/credit-cards/year-round-offers-2016/images/05-anchors-seafood-and-beer-house.gif"
"SC-36","en","Standard Chatard","""Standard Chartered Visa Credit Card"",""Standard Chartered MasterCard"",""Standard Chartered UnionPay Dual Currency Platinum Credit Card""","Tiger Curry & Café","31064083","""10% off all Takeaway orders"",""10% off all dine-in bills over HK$300 (before service charge)""","https://www.sc.com/hk/promotion/credit-cards/year-round-offers-2016/dining-western.html","2016-01-01","2016-12-31","""Shop 2602, Level 2, Harbour City, Tsim Sha Tsui""","https://www.sc.com/hk/promotion/credit-cards/year-round-offers-2016/images/18-tiger-cafe.jpg"
"SC-37","en","Standard Chatard","""Standard Chartered Visa Credit Card"",""Standard Chartered MasterCard"",""Standard Chartered UnionPay Dual Currency Platinum Credit Card"",""Standard Chartered WorldMiles Card (formerly known as Standard Chartered American Express® Card)""","Noah's Ark Hotel & Resort - Harvest Restaurant","34118836","""20% off on dinner buffet""","https://www.sc.com/hk/promotion/credit-cards/year-round-offers-2016/dining-hotel.html","2016-01-01","2016-12-31","""33 Pak Yan Road, Ma Wan, New Territories""","https://www.sc.com/hk/promotion/credit-cards/year-round-offers/images/logo/144-Noahs-Ark-Hotel-Resort.gif"
"SC-38","en","Standard Chatard","""Standard Chartered Visa Credit Card"",""Standard Chartered MasterCard""","Espressamente illy","36650311","""15% off upon spending of HK$200 or above after 6pm from Monday to Friday""","https://www.sc.com/hk/promotion/credit-cards/year-round-offers-2016/dining-others.html","2016-01-01","2016-12-31","""Shop OTG61, G/F, Ocean Terminal, Harbour City, Tsim Sha Tsui, Kowloon""","https://www.sc.com/hk/promotion/credit-cards/year-round-offers-2016/images/261-espressamente-illy-1.jpg"
"SC-39","en","Standard Chatard","""Standard Chartered Visa Credit Card"",""Standard Chartered MasterCard"",""Standard Chartered UnionPay Dual Currency Platinum Credit Card"",""Standard Chartered WorldMiles Card (formerly known as Standard Chartered American Express® Card)""","Hyatt Regency Hong Kong, Tsim Sha Tsui","37217700","""15% discount on lunch buffet, dinner buffet and weekend afternoon tea buffet at Cafe""","https://www.sc.com/hk/promotion/credit-cards/year-round-offers-2016/dining-hotel.html","2016-01-01","2016-12-31","""Lobby Level, Hyatt Regency Hong Kong, Tsim Sha Tsui, 18 Hanoi Road, Tsim Sha Tsui, Kowloon, Hong Kong""","https://www.sc.com/global/av/hk-Eng.gif"
"SC-40","en","Standard Chatard","""Standard Chartered Visa Credit Card"",""Standard Chartered MasterCard"",""Standard Chartered UnionPay Dual Currency Platinum Credit Card"",""Standard Chartered WorldMiles Card (formerly known as Standard Chartered American Express® Card)""","Lodgewood by L’hotel Mongkok Hong Kong – canton pot","39687888","""For Standard Chartered Platinum Credit Card or above Cardholders:"",""10% off on a la carte menu and hot pot menu from Friday to Saturday"",""15% off on a la carte menu and hot pot menu from Sunday to Thursday"",""For all Standard Chartered Credit Cardholders:"",""10% off on a la carte menu and hot pot menu from Monday to Sunday""","https://www.sc.com/hk/promotion/credit-cards/year-round-offers-2016/dining-hotel.html","2016-01-01","2016-12-31","""1131 Canton Road, Mongkok, Hong Kong""","https://www.sc.com/hk/promotion/credit-cards/year-round-offers-2016/images/32.gif"
"SC-41","en","Standard Chatard","""Standard Chartered Visa Credit Card"",""Standard Chartered MasterCard"",""Standard Chartered UnionPay Dual Currency Platinum Credit Card"",""Standard Chartered WorldMiles Card (formerly known as Standard Chartered American Express® Card)""","L’hotel élan – forte","39688222","""For Standard Chartered Platinum Credit Card or above Cardholders:"",""10% off on a la carte menu and beverage consumption from Monday to Sunday"",""10% off on executive lunch from Monday to Friday"",""30% off on holiday brunch on Saturday, Sunday and Public Holiday"",""30% off on semi-buffet dinner from Monday to Thursday"",""25% off on semi-buffet dinner on Friday, Saturday, Sunday, Public Holiday eve and Public Holiday"",""For all Standard Chartered Credit Cardholders:"",""10% off on a la carte menu and beverage consumption from Monday to Sunday"",""10% off on executive lunch from Monday to Friday"",""25% off on holiday brunch on Saturday, Sunday and Public Holiday"",""25% off on semi-buffet dinner from Monday to Thursday"",""20% off on semi-buffet dinner on Friday, Saturday, Sunday, Public Holiday eve and Public Holiday""","https://www.sc.com/hk/promotion/credit-cards/year-round-offers-2016/dining-hotel.html","2016-01-01","2016-12-31","""38 Chong Yip Street, Kwun Tong, Hong Kong""","https://www.sc.com/hk/promotion/credit-cards/year-round-offers-2016/images/33.gif"
"SC-42","en","Standard Chatard","""Standard Chartered Visa Credit Card"",""Standard Chartered MasterCard"",""Standard Chartered UnionPay Dual Currency Platinum Credit Card"",""Standard Chartered WorldMiles Card (formerly known as Standard Chartered American Express® Card)""","L’hotel Island South – LIS Café","39688833","""For Standard Chartered Platinum Credit Card or above Cardholders:"",""10% off on a la carte menu, lunch set (Monday to Friday) and afternoon tea set"",""30% off on holiday buffet brunch (Saturday, Sunday & Public Holiday only) and buffet dinner (Monday to Thursday)"",""25% off on buffet dinner (Friday to Sunday, Public Holiday eve and Public Holiday)"",""For all Standard Chartered Credit Cardholders:"",""10% off on a la carte menu, lunch set (Monday to Friday) and afternoon tea set"",""25% off on holiday buffet brunch (Saturday, Sunday & Public Holiday only) and buffet dinner (Monday to Thursday)"",""20% off on buffet dinner (Friday to Sunday, Public Holiday eve and Public Holiday)""","https://www.sc.com/hk/promotion/credit-cards/year-round-offers-2016/dining-hotel.html","2016-01-01","2016-12-31","""55 Wong Chuk Hang Road, Aberdeen, Hong Kong""","https://www.sc.com/hk/promotion/credit-cards/year-round-offers-2016/images/34-35.gif"
"SC-43","en","Standard Chatard","""Standard Chartered Visa Credit Card"",""Standard Chartered MasterCard"",""Standard Chartered UnionPay Dual Currency Platinum Credit Card"",""Standard Chartered WorldMiles Card (formerly known as Standard Chartered American Express® Card)""","L’hotel Island South – Bar LIS","39688835","""10% off on a la carte menu""","https://www.sc.com/hk/promotion/credit-cards/year-round-offers-2016/dining-hotel.html","2016-01-01","2016-12-31","""55 Wong Chuk Hang Road, Aberdeen, Hong Kong""","https://www.sc.com/hk/promotion/credit-cards/year-round-offers-2016/images/34-35.gif"
"SC-44","en","Standard Chatard","""Standard Chartered Visa Credit Card"",""Standard Chartered MasterCard"",""Standard Chartered UnionPay Dual Currency Platinum Credit Card"",""Standard Chartered WorldMiles Card (formerly known as Standard Chartered American Express® Card)""","Crowne Plaza Hong Kong Kowloon East - The Chef's Table","39830688","""15% off on dine-in from Monday to Friday""","https://www.sc.com/hk/promotion/credit-cards/year-round-offers-2016/dining-hotel.html","2016-01-01","2016-12-31","""1/F, Crowne Plaza Hong Kong Kowloon East, 3 Tong Tek Street, Tseung Kwan O, New Territories""","https://www.sc.com/hk/promotion/credit-cards/year-round-offers-2016/images/036-crowne-plaza-hong-kong-the-chefs-table.jpg"
"SC-45","en","Standard Chatard","""Standard Chartered Visa Credit Card"",""Standard Chartered MasterCard"",""Standard Chartered UnionPay Dual Currency Platinum Credit Card"",""Standard Chartered WorldMiles Card (formerly known as Standard Chartered American Express® Card)""","Crowne Plaza Hong Kong Kowloon East - Tze Yuet Heen","39830688","""15% off on dine-in from Monday to Friday""","https://www.sc.com/hk/promotion/credit-cards/year-round-offers-2016/dining-hotel.html","2016-01-01","2016-12-31","""2/F, Crowne Plaza Hong Kong Kowloon East, 3 Tong Tek Street, Tseung Kwan O, New Territories""","https://www.sc.com/hk/promotion/credit-cards/year-round-offers-2016/images/037-crowne-plaza-hong-kong-tze-yuet-heen.jpg"
"SC-46","en","Standard Chatard","""Standard Chartered Visa Credit Card"",""Standard Chartered MasterCard"",""Standard Chartered UnionPay Dual Currency Platinum Credit Card"",""Standard Chartered WorldMiles Card (formerly known as Standard Chartered American Express® Card)""","Crowne Plaza Hong Kong Kowloon East - Cielo","39830688","""15% off on dine-in from Monday to Friday""","https://www.sc.com/hk/promotion/credit-cards/year-round-offers-2016/dining-hotel.html","2016-01-01","2016-12-31","""47/F, Crowne Plaza Hong Kong Kowloon East, 3 Tong Tak Street, Tseung Kwan O, New Territories""","https://www.sc.com/hk/promotion/credit-cards/year-round-offers-2016/images/038-crowne-plaza-hong-kong-cielo.jpg"
"SC-47","en","Standard Chatard","""Standard Chartered Visa Credit Card"",""Standard Chartered MasterCard"",""Standard Chartered UnionPay Dual Currency Platinum Credit Card"",""Standard Chartered WorldMiles Card (formerly known as Standard Chartered American Express® Card)""","Dorsett Tsuen Wan, Hong Kong - Dorsett Café","39966338","""10% off on lunch from Monday to Friday"",""15% off on lunch on Saturday, Sunday and Public Holidays"",""15% off on dinner""","https://www.sc.com/hk/promotion/credit-cards/year-round-offers-2016/dining-hotel.html","2016-01-01","2016-12-31","""G/F, Dorsett Tsuen Wan, Hong Kong, 28 Kin Chuen Street, Kwai Chung, Kowloon""","https://www.sc.com/hk/promotion/credit-cards/year-round-offers/images/logo/110-Dorsett-Tsuen-Wan-Hong-Kong.gif"
"SC-48","en","Standard Chatard","""Standard Chartered Visa Credit Card"",""Standard Chartered MasterCard""","ClubONE Kowloon Peak","82021218","""10% off on à la carte and regular-priced set menus""","https://www.sc.com/hk/promotion/credit-cards/year-round-offers-2016/dining-asian.html","2016-01-01","2016-12-31","""Shop UG1, UG/F, 18 Farm Road, Kowloon""","https://www.sc.com/hk/promotion/credit-cards/year-round-offers/images/logo/dining-chinese/club-one.gif"
"SC-49","en","Standard Chatard","""Standard Chartered Visa Credit Card"",""Standard Chartered MasterCard""","ClubONE on the Park","82022311","""10% off on à la carte and regular-priced set menus""","https://www.sc.com/hk/promotion/credit-cards/year-round-offers-2016/dining-asian.html","2016-01-01","2016-12-31","""Shops S061-S066, G/F, 12W, Hong Kong Science Park, Shatin, New Territories""","https://www.sc.com/hk/promotion/credit-cards/year-round-offers/images/logo/dining-chinese/club-one.gif"
"SC-50","en","Standard Chatard","""Standard Chartered Visa Credit Card"",""Standard Chartered MasterCard""","ClubONE The Grand Stage (Western Market)","82022809","""10% off on à la carte and regular-priced set menus""","https://www.sc.com/hk/promotion/credit-cards/year-round-offers-2016/dining-asian.html","2016-01-01","2016-12-31","""2/F, Western Market, 323 Des Voeux Road Central, Hong Kong""","https://www.sc.com/hk/promotion/credit-cards/year-round-offers/images/logo/dining-chinese/club-one.gif"
"SC-51","en","Standard Chatard","""Standard Chartered Visa Credit Card"",""Standard Chartered MasterCard""","ClubONE Telford","82022892","""10% off on à la carte and regular-priced set menus""","https://www.sc.com/hk/promotion/credit-cards/year-round-offers-2016/dining-asian.html","2016-01-01","2016-12-31","""P13-14, Podium Level, Telford Gardens, Kowloon Bay, Kowloon""","https://www.sc.com/hk/promotion/credit-cards/year-round-offers/images/logo/dining-chinese/club-one.gif"
"SC-52","en","Standard Chatard","""Standard Chartered Visa Credit Card"",""Standard Chartered MasterCard""","ClubONE Spotlight","82028606","""10% off on à la carte and regular-priced set menus""","https://www.sc.com/hk/promotion/credit-cards/year-round-offers-2016/dining-asian.html","2016-01-01","2016-12-31","""4/F & 4M, Screen World, Site 8, Whampoa Garden, Hung Hom, Kowloon""","https://www.sc.com/hk/promotion/credit-cards/year-round-offers/images/logo/dining-chinese/club-one.gif"
"SC-53","en","Standard Chatard","""Standard Chartered Visa Credit Card"",""Standard Chartered MasterCard""","ClubONE Kowloon East","82029298","""10% off on à la carte and regular-priced set menus""","https://www.sc.com/hk/promotion/credit-cards/year-round-offers-2016/dining-asian.html","2016-01-01","2016-12-31","""2/F, Kwun Tong View, Kwun Tong, Kowloon""","https://www.sc.com/hk/promotion/credit-cards/year-round-offers/images/logo/dining-chinese/club-one.gif"
"SC-54","en","Standard Chatard","""Standard Chartered Visa Credit Card"",""Standard Chartered MasterCard""","ClubONE Waterfront","82099113","""10% off on à la carte and regular-priced set menus""","https://www.sc.com/hk/promotion/credit-cards/year-round-offers-2016/dining-asian.html","2016-01-01","2016-12-31","""Level 2, Beach Commercial Complex, Park Island, New Territories""","https://www.sc.com/hk/promotion/credit-cards/year-round-offers/images/logo/dining-chinese/club-one.gif"
"SC-55","en","Standard Chatard","""Standard Chartered Visa Credit Card"",""Standard Chartered MasterCard""","ClubONE Harbour Front","82099223","""10% off on à la carte and regular-priced set menus""","https://www.sc.com/hk/promotion/credit-cards/year-round-offers-2016/dining-asian.html","2016-01-01","2016-12-31","""G/F, Octa Tower, 8 Lam Chak Street, Kowloon Bay, Kowloon""","https://www.sc.com/hk/promotion/credit-cards/year-round-offers/images/logo/dining-chinese/club-one.gif"
"SC-56","en","Standard Chatard","""Standard Chartered Visa Credit Card"",""Standard Chartered MasterCard""","ClubONE Rivew View","82099288","""10% off on à la carte and regular-priced set menus""","https://www.sc.com/hk/promotion/credit-cards/year-round-offers-2016/dining-asian.html","2016-01-01","2016-12-31","""1/F, Courtyard by Marriott Hong Kong, Shatin, New Territories""","https://www.sc.com/hk/promotion/credit-cards/year-round-offers/images/logo/dining-chinese/club-one.gif"
"SC-57","en","Standard Chatard","""Standard Chartered Visa Credit Card"",""Standard Chartered MasterCard""","ClubONE Repulse Bay","82099822","""10% off on à la carte and regular-priced set menus""","https://www.sc.com/hk/promotion/credit-cards/year-round-offers-2016/dining-asian.html","2016-01-01","2016-12-31","""16 Beach Road, Repulse Bay, Hong Kong""","https://www.sc.com/hk/promotion/credit-cards/year-round-offers/images/logo/dining-chinese/club-one.gif"
"SC-58","en","Standard Chatard","""Standard Chartered Visa Credit Card"",""Standard Chartered MasterCard"",""Standard Chartered UnionPay Dual Currency Platinum Credit Card""","Natural Square","82268326","""5% off on capsule or tea bag items"",""A complimentary Wild Bilberry Extract 10-day travel pack upon purchase of 2 packs of capsule or tea bag items""","https://www.sc.com/hk/promotion/credit-cards/year-round-offers-2016/dining-others.html","2016-01-01","2016-12-31","""No. G30B, G/F, Allied Plaza, 760 Nathan Road, Kowloon""","https://www.sc.com/hk/promotion/credit-cards/year-round-offers/images/logo/dining-others/natural-square.gif"
"SC-1","zh_TW","Standard Chatard","""渣打Visa信用卡"",""渣打萬事達卡"",""渣打銀聯雙幣白金信用卡""","老虎咖喱","20111051","""外賣自取即享9折"",""堂食消費滿HK$300即享9折""","https://www.sc.com/hk/zh/promotion/credit-cards/year-round-offers-2016/dining-western.html","2016-01-01","2016-12-31","""銅鑼灣邊寧頓街13號地下""","https://www.sc.com/hk/promotion/credit-cards/year-round-offers-2016/images/17-tiger-curry.jpg"
"SC-2","zh_TW","Standard Chatard","""渣打Visa信用卡"",""渣打萬事達卡"",""渣打銀聯雙幣白金信用卡"",""渣打WorldMiles卡 (前名為渣打American Express®卡)""","香港朗廷酒店 - Main St. Deli","21327898","""午膳及晚膳主餐牌菜式食品88折""","https://www.sc.com/hk/zh/promotion/credit-cards/year-round-offers-2016/dining-hotel.html","2016-01-01","2016-12-31","""九龍尖沙咀北京道8號香港朗廷酒店低層大堂""","https://www.sc.com/hk/promotion/credit-cards/year-round-offers-2016/images/36.gif"
"SC-3","zh_TW","Standard Chatard","""渣打Visa信用卡"",""渣打萬事達卡"",""渣打銀聯雙幣白金信用卡"",""渣打WorldMiles卡 (前名為渣打American Express®卡)""","香港朗廷酒店 - 廷廊","21327898","""朗廷英式下午茶88折""","https://www.sc.com/hk/zh/promotion/credit-cards/year-round-offers-2016/dining-hotel.html","2016-01-01","2016-12-31","""九龍尖沙咀北京道8號香港朗廷酒店大堂""","https://www.sc.com/hk/promotion/credit-cards/year-round-offers-2016/images/37.gif"
"SC-4","zh_TW","Standard Chatard","""渣打Visa信用卡"",""渣打萬事達卡"",""渣打銀聯雙幣白金信用卡"",""渣打WorldMiles卡 (前名為渣打American Express®卡)""","香港朗廷酒店 - 美岸海鮮廳","21327898","""午膳及晚膳主餐牌菜式食品88折""","https://www.sc.com/hk/zh/promotion/credit-cards/year-round-offers-2016/dining-hotel.html","2016-01-01","2016-12-31","""九龍尖沙咀北京道8號香港朗廷酒店低層大堂""","https://www.sc.com/hk/promotion/credit-cards/year-round-offers-2016/images/38.gif"
"SC-5","zh_TW","Standard Chatard","""渣打Visa信用卡"",""渣打萬事達卡"",""渣打銀聯雙幣白金信用卡"",""渣打WorldMiles卡 (前名為渣打American Express®卡)""","嘉湖海逸酒店 - 紐約紐約餐廳","21806688","""星期六自助午餐8折及自助晚餐9折"",""星期日自助午餐9折及自助晚餐8折""","https://www.sc.com/hk/zh/promotion/credit-cards/year-round-offers-2016/dining-hotel.html","2016-01-01","2016-12-31","""新界天水圍天恩路18號嘉湖海逸酒店2期地下""","https://www.sc.com/hk/promotion/credit-cards/year-round-offers-2016/images/113-harbour-plaza-resort-city-new-york-restaurant.jpg"
"SC-6","zh_TW","Standard Chatard","""渣打Visa信用卡"",""渣打萬事達卡"",""渣打銀聯雙幣白金信用卡"",""渣打WorldMiles卡 (前名為渣打American Express®卡)""","嘉湖海逸酒店 - 咖啡閣","21806688","""飲品及餐飲8折""","https://www.sc.com/hk/zh/promotion/credit-cards/year-round-offers-2016/dining-hotel.html","2016-01-01","2016-12-31","""新界天水圍天恩路18號嘉湖海逸酒店2期地下""","https://www.sc.com/hk/promotion/credit-cards/year-round-offers-2016/images/114-harbour-plaza-resort-city-coffee-corner.jpg"
"SC-7","zh_TW","Standard Chatard","""渣打Visa信用卡"",""渣打萬事達卡"",""渣打銀聯雙幣白金信用卡"",""渣打WorldMiles卡 (前名為渣打American Express®卡)""","嘉湖海逸酒店 - 千杯廊","21806688","""自助餐8折""","https://www.sc.com/hk/zh/promotion/credit-cards/year-round-offers-2016/dining-hotel.html","2016-01-01","2016-12-31","""新界天水圍天恩路12號嘉湖海逸酒店1期地下""","https://www.sc.com/hk/promotion/credit-cards/year-round-offers-2016/images/115-harbour-plaza-resort-city-li-bai-bar.jpg"
"SC-8","zh_TW","Standard Chatard","""渣打Visa信用卡"",""渣打萬事達卡"",""渣打銀聯雙幣白金信用卡"",""渣打WorldMiles卡 (前名為渣打American Express®卡)""","千禧新世界香港酒店 - 雅樂吧","23134210","""餐飲85折""","https://www.sc.com/hk/zh/promotion/credit-cards/year-round-offers-2016/dining-hotel.html","2016-01-01","2016-12-31","""九龍尖沙咀東部麼地道72號千禧新世界香港酒店M樓""","https://www.sc.com/hk/promotion/credit-cards/year-round-offers-2016/images/186-new-world-millennium-lobby-lounge.jpg"
"SC-9","zh_TW","Standard Chatard","""渣打Visa信用卡"",""渣打萬事達卡"",""渣打銀聯雙幣白金信用卡"",""渣打WorldMiles卡 (前名為渣打American Express®卡)""","千禧新世界香港酒店 - 嵯峨野","23134215","""餐飲85折""","https://www.sc.com/hk/zh/promotion/credit-cards/year-round-offers-2016/dining-hotel.html","2016-01-01","2016-12-31","""九龍尖沙咀東部麼地道72號千禧新世界香港酒店1樓""","https://www.sc.com/hk/promotion/credit-cards/year-round-offers-2016/images/183-new-world-millennium-hotel-Sagano.jpg"
"SC-10","zh_TW","Standard Chatard","""渣打Visa信用卡"",""渣打萬事達卡"",""渣打銀聯雙幣白金信用卡"",""渣打WorldMiles卡 (前名為渣打American Express®卡)""","千禧新世界香港酒店 - La Table","23134221","""餐飲85折""","https://www.sc.com/hk/zh/promotion/credit-cards/year-round-offers-2016/dining-hotel.html","2016-01-01","2016-12-31","""九龍尖沙咀東部麼地道72號千禧新世界香港酒店1樓""","https://www.sc.com/hk/promotion/credit-cards/year-round-offers-2016/images/184-new-world-millennium-la-table.jpg"
"SC-11","zh_TW","Standard Chatard","""渣打Visa信用卡"",""渣打萬事達卡"",""渣打銀聯雙幣白金信用卡"",""渣打WorldMiles卡 (前名為渣打American Express®卡)""","千禧新世界香港酒店 - Café East","23134222","""餐飲85折""","https://www.sc.com/hk/zh/promotion/credit-cards/year-round-offers-2016/dining-hotel.html","2016-01-01","2016-12-31","""九龍尖沙咀東部麼地道72號千禧新世界香港酒店1樓""","https://www.sc.com/hk/promotion/credit-cards/year-round-offers-2016/images/181-new-world-millennium-cafe-east.jpg"
"SC-12","zh_TW","Standard Chatard","""渣打Visa信用卡"",""渣打萬事達卡"",""渣打銀聯雙幣白金信用卡"",""渣打WorldMiles卡 (前名為渣打American Express®卡)""","千禧新世界香港酒店 - 桃里","23134225","""餐飲85折""","https://www.sc.com/hk/zh/promotion/credit-cards/year-round-offers-2016/dining-hotel.html","2016-01-01","2016-12-31","""九龍尖沙咀東部麼地道72號千禧新世界香港酒店2樓""","https://www.sc.com/hk/promotion/credit-cards/year-round-offers-2016/images/182-new-world-millennium-tao-li.jpg"
"SC-13","zh_TW","Standard Chatard","""渣打Visa信用卡"",""渣打萬事達卡"",""渣打銀聯雙幣白金信用卡"",""渣打WorldMiles卡 (前名為渣打American Express®卡)""","千禧新世界香港酒店 - Bar on 15","23134245","""餐飲85折""","https://www.sc.com/hk/zh/promotion/credit-cards/year-round-offers-2016/dining-hotel.html","2016-01-01","2016-12-31","""九龍尖沙咀東部麼地道72號千禧新世界香港酒店15樓""","https://www.sc.com/hk/promotion/credit-cards/year-round-offers-2016/images/185-new-world-millennium-bar-on-15.jpg"
"SC-14","zh_TW","Standard Chatard","""渣打Visa信用卡"",""渣打萬事達卡""","BLUEDUCK WORKSHOP","23513918","""晚餐9折"",""4人或以上用餐可獲贈生日蛋糕乙個""","https://www.sc.com/hk/zh/promotion/credit-cards/year-round-offers-2016/dining-western.html","2016-01-01","2016-12-31","""九龍官塘駿業里6號富利工廈3樓A""","https://www.sc.com/hk/promotion/credit-cards/year-round-offers/images/logo/dining-western/blueduck-workshop.gif"
"SC-15","zh_TW","Standard Chatard","""渣打Visa信用卡"",""渣打萬事達卡""","Fullhouse Signature","23692813","""堂食惠顧滿HK$400享9折""","https://www.sc.com/hk/zh/promotion/credit-cards/year-round-offers-2016/dining-western.html","2016-01-01","2016-12-31","""九龍尖沙咀加拿芬道25-31號國際商業信貸銀行大廈地下1A舖""","https://www.sc.com/hk/promotion/credit-cards/year-round-offers/images/logo/123-Fullhouse-Signature.gif"
"SC-16","zh_TW","Standard Chatard","""渣打Visa信用卡"",""渣打萬事達卡"",""渣打銀聯雙幣白金信用卡""","浦和日本料理","24986828","""星期日至四堂食晚市自選菜式9折""","https://www.sc.com/hk/zh/promotion/credit-cards/year-round-offers-2016/dining-asian.html","2016-01-01","2016-12-31","""新界荃灣青山公路269號力生廣場3樓""","https://www.sc.com/hk/promotion/credit-cards/year-round-offers/images/logo/dining-japanese/urawa-japanese-restaurant.gif"
"SC-17","zh_TW","Standard Chatard","""渣打Visa信用卡"",""渣打萬事達卡""","恒昌隆燕窩參茸行有限公司","25423039","""正價燕窩參茸產品及保健產品9折""","https://www.sc.com/hk/zh/promotion/credit-cards/year-round-offers-2016/dining-others.html","2016-01-01","2016-12-31","""香港上環永樂街62號地下""","https://www.sc.com/hk/promotion/credit-cards/year-round-offers/images/logo/dining-others/hang-cheong-loong.gif"
"SC-18","zh_TW","Standard Chatard","""渣打Visa信用卡"",""渣打萬事達卡"",""渣打銀聯雙幣白金信用卡""","林奇苑茶行有限公司","25437154","""惠顧滿HK$200正價貨品享9折""","https://www.sc.com/hk/zh/promotion/credit-cards/year-round-offers-2016/dining-others.html","2016-01-01","2016-12-31","""香港上環文咸東街105-107號地下""","https://www.sc.com/hk/promotion/credit-cards/year-round-offers/images/logo/dining-others/lam-kie-yuen.gif"
"SC-19","zh_TW","Standard Chatard","""渣打Visa信用卡"",""渣打萬事達卡"",""渣打銀聯雙幣白金信用卡"",""渣打WorldMiles卡 (前名為渣打American Express®卡)""","華麗海景酒店 - 華麗餐廳","25999843","""午市自助沙律套餐9折 (星期一至五)"",""假日午市套餐9折 (星期六、日及公眾假期)"",""晚市套餐9折""","https://www.sc.com/hk/zh/promotion/credit-cards/year-round-offers-2016/dining-hotel.html","2016-01-01","2016-12-31","""香港西環皇后大道西239號華麗海景酒店3樓""","https://www.sc.com/hk/promotion/credit-cards/year-round-offers-2016/images/135-best-western-hotel-harbour-terrace-cafe.jpg"
"SC-20","zh_TW","Standard Chatard","""渣打Visa信用卡"",""渣打萬事達卡""","納思比日本料理","26700662","""每檯惠顧晚膳滿HK$1,000可獲贈抹茶朱古力鍋乙份 (價值HK$98)"",""惠顧晚膳每位可獲贈精美甜品乙客""","https://www.sc.com/hk/zh/promotion/credit-cards/year-round-offers-2016/dining-asian.html","2016-01-01","2016-12-31","""香港灣仔謝斐道260-264號杜誌台地下6-8號舖""","https://www.sc.com/hk/promotion/credit-cards/year-round-offers/images/logo/058-Nasubi-Japanese-Restaurant.gif"
"SC-21","zh_TW","Standard Chatard","""渣打Visa信用卡"",""渣打萬事達卡"",""渣打銀聯雙幣白金信用卡"",""渣打WorldMiles卡 (前名為渣打American Express®卡)""","皇家太平洋酒店 - 柏景餐廳","27382322","""自助餐8折""","https://www.sc.com/hk/zh/promotion/credit-cards/year-round-offers-2016/dining-hotel.html","2016-01-01","2016-12-31","""九龍尖沙咀廣東道33號中港城皇家太平洋酒店園景翼2樓""","https://www.sc.com/hk/promotion/credit-cards/year-round-offers-2016/images/203-the-royal-pacific-hotel-towers-Cafe-on-the-park.jpg"
"SC-22","zh_TW","Standard Chatard","""渣打Visa信用卡"",""渣打萬事達卡"",""渣打銀聯雙幣白金信用卡"",""渣打WorldMiles卡 (前名為渣打American Express®卡)""","皇家太平洋酒店 - 堤岸酒吧及餐廳","27382398","""自選菜式8折"",""午市及晚市套餐85折""","https://www.sc.com/hk/zh/promotion/credit-cards/year-round-offers-2016/dining-hotel.html","2016-01-01","2016-12-31","""九龍尖沙咀廣東道33號中港城皇家太平洋酒店海景翼大堂高座""","https://www.sc.com/hk/promotion/credit-cards/year-round-offers-2016/images/204-the-royal-pacific-hotel-towers-pierside-bar-restaurant.jpg"
"SC-23","zh_TW","Standard Chatard","""渣打Visa信用卡"",""渣打萬事達卡"",""渣打銀聯雙幣白金信用卡"",""渣打WorldMiles卡 (前名為渣打American Express®卡)""","Espuma","27392080","""每檯惠顧滿HK$400可獲贈是日窩夫乙客""","https://www.sc.com/hk/zh/promotion/credit-cards/year-round-offers-2016/dining-western.html","2016-01-01","2016-12-31","""九龍尖沙咀厚福街8號H8 2樓 香港中環威靈頓街2-8號威靈頓廣場M88 17樓 香港灣仔皇后大道東202號QRE Plaza 25樓""","https://www.sc.com/hk/promotion/credit-cards/year-round-offers/images/logo/dining-western/espuma.gif"
"SC-24","zh_TW","Standard Chatard","""渣打Visa信用卡"",""渣打萬事達卡"",""渣打銀聯雙幣白金信用卡"",""渣打WorldMiles卡 (前名為渣打American Express®卡)""","Fiat Caffé","28084777","""星期一至五惠顧堂食滿HK$500可獲贈Smoothie兩杯""","https://www.sc.com/hk/zh/promotion/credit-cards/year-round-offers-2016/dining-western.html","2016-01-01","2016-12-31","""九龍尖沙咀彌敦道132號美麗華商場B1樓B1018號舖""","https://www.sc.com/hk/promotion/credit-cards/year-round-offers/images/logo/dining-western/fiat-caffe.gif"
"SC-25","zh_TW","Standard Chatard","""渣打Visa信用卡"",""渣打萬事達卡"",""渣打銀聯雙幣白金信用卡"",""渣打WorldMiles卡 (前名為渣打American Express®卡)""","Bloom","28106166","""消費滿HK$1,000即享9折"",""凡惠顧星期六早午餐之客人均可享免費任飲套餐優惠（限2位客人以上）""","https://www.sc.com/hk/zh/promotion/credit-cards/year-round-offers-2016/dining-western.html","2016-01-01","2016-12-31","""中環蘭桂坊雲咸街33號LKF Tower 5樓""","https://www.sc.com/hk/promotion/credit-cards/year-round-offers-2016/images/16-bloom.jpg"
"SC-26","zh_TW","Standard Chatard","""渣打Visa信用卡"",""渣打萬事達卡"",""渣打銀聯雙幣白金信用卡"",""渣打WorldMiles卡 (前名為渣打American Express®卡)""","香港怡東酒店 - Cammino 意大利餐廳","28376780","""食品9折""","https://www.sc.com/hk/zh/promotion/credit-cards/year-round-offers-2016/dining-hotel.html","2016-01-01","2016-12-31","""香港銅鑼灣告士打道281號香港怡東酒店1樓""","https://www.sc.com/hk/promotion/credit-cards/year-round-offers-2016/images/070-the-excelsior-hong-kong.jpg"
"SC-27","zh_TW","Standard Chatard","""渣打Visa信用卡"",""渣打萬事達卡"",""渣打銀聯雙幣白金信用卡"",""渣打WorldMiles卡 (前名為渣打American Express®卡)""","香港怡東酒店 - 一樓咖啡室","28376781","""食品9折""","https://www.sc.com/hk/zh/promotion/credit-cards/year-round-offers-2016/dining-hotel.html","2016-01-01","2016-12-31","""香港銅鑼灣告士打道281號香港怡東酒店1樓""","https://www.sc.com/hk/promotion/credit-cards/year-round-offers-2016/images/067-the-excelsior-hong-kong.jpg"
"SC-28","zh_TW","Standard Chatard","""渣打Visa信用卡"",""渣打萬事達卡"",""渣打銀聯雙幣白金信用卡"",""渣打WorldMiles卡 (前名為渣打American Express®卡)""","香港怡東酒店 - 雙城吧","28376782","""食品9折""","https://www.sc.com/hk/zh/promotion/credit-cards/year-round-offers-2016/dining-hotel.html","2016-01-01","2016-12-31","""香港銅鑼灣告士打道281號香港怡東酒店地庫""","https://www.sc.com/hk/promotion/credit-cards/year-round-offers-2016/images/068-the-excelsior-hong-kong.jpg"
"SC-29","zh_TW","Standard Chatard","""渣打Visa信用卡"",""渣打萬事達卡"",""渣打銀聯雙幣白金信用卡"",""渣打WorldMiles卡 (前名為渣打American Express®卡)""","香港怡東酒店 - ToTT's and Roof Terrace","28376786","""食品9折""","https://www.sc.com/hk/zh/promotion/credit-cards/year-round-offers-2016/dining-hotel.html","2016-01-01","2016-12-31","""香港銅鑼灣告士打道281號香港怡東酒店34樓""","https://www.sc.com/hk/promotion/credit-cards/year-round-offers-2016/images/071-the-excelsior-hong-kong.jpg"
"SC-30","zh_TW","Standard Chatard","""渣打Visa信用卡"",""渣打萬事達卡"",""渣打銀聯雙幣白金信用卡"",""渣打WorldMiles卡 (前名為渣打American Express®卡)""","香港怡東酒店 - 怡東軒","28376790","""食品9折""","https://www.sc.com/hk/zh/promotion/credit-cards/year-round-offers-2016/dining-hotel.html","2016-01-01","2016-12-31","""香港銅鑼灣告士打道281號香港怡東酒店2樓""","https://www.sc.com/hk/promotion/credit-cards/year-round-offers-2016/images/069-the-excelsior-hong-kong.jpg"
"SC-31","zh_TW","Standard Chatard","""渣打Visa信用卡"",""渣打萬事達卡"",""渣打銀聯雙幣白金信用卡"",""渣打WorldMiles卡 (前名為渣打American Express®卡)""","雪糕之森","28388086","""雪糕球買3送1 (普通口味)"",""雪糕及甜品課程85折""","https://www.sc.com/hk/zh/promotion/credit-cards/year-round-offers-2016/dining-others.html","2016-01-01","2016-12-31","""九龍觀塘成業街19號成業工業大6樓611室""","https://www.sc.com/hk/promotion/credit-cards/year-round-offers-2016/images/040-ice-cream-gallery.jpg"
"SC-32","zh_TW","Standard Chatard","""渣打Visa信用卡"",""渣打萬事達卡"",""渣打銀聯雙幣白金信用卡"",""渣打WorldMiles卡 (前名為渣打American Express®卡)""","浦和日本料理","28508226","""星期日至四堂食晚市自選菜式9折""","https://www.sc.com/hk/zh/promotion/credit-cards/year-round-offers-2016/dining-asian.html","2016-01-01","2016-12-31","""香港上環德輔道中244-252號東協大廈地下及地庫""","https://www.sc.com/hk/promotion/credit-cards/year-round-offers/images/logo/dining-japanese/urawa-japanese-restaurant-2.gif"
"SC-33","zh_TW","Standard Chatard","""渣打Visa信用卡"",""渣打萬事達卡"",""渣打銀聯雙幣白金信用卡""","貴茶(香港)有限公司","28779318","""惠顧滿HK$600正價貨品9折""","https://www.sc.com/hk/zh/promotion/credit-cards/year-round-offers-2016/dining-others.html","2016-01-01","2016-12-31","""九龍尖沙咀美麗華商場地庫B1019A舖 香港港鐵香港站東涌線大堂HOK56號舖 九龍港鐵九龍塘站大堂KOT17號舖""","https://www.sc.com/hk/promotion/credit-cards/year-round-offers/images/logo/dining-others/gui-tea-hk.gif"
"SC-34","zh_TW","Standard Chatard","""渣打Visa信用卡"",""渣打萬事達卡"",""渣打WorldMiles卡 (前名為渣打American Express®卡)""","Jebsen Fine Wines","29262312","""85折"",""首次惠顧滿HK$1,000元可獲贈 Baron de Ley Gran Reserva 2007, Rioja Spain 乙枝 (價值HK$261)"",""優先登記Jebsen Fine Wines舉辦之活動及優先獲得獨家及限量生產的葡萄酒""","https://www.sc.com/hk/zh/promotion/credit-cards/year-round-offers-2016/dining-western.html","2016-01-01","2016-12-31","","https://www.sc.com/hk/promotion/credit-cards/year-round-offers/images/logo/023-Jebsen-Fine-Wines.gif"
"SC-35","zh_TW","Standard Chatard","""渣打Visa信用卡"",""渣打萬事達卡"",""渣打銀聯雙幣白金信用卡"",""渣打WorldMiles卡 (前名為渣打American Express®卡)""","汀蘭居 - Anchor’s Seafood and Beer House","29451138","""所有自助餐85折""","https://www.sc.com/hk/zh/promotion/credit-cards/year-round-offers-2016/dining-hotel.html","2016-01-01","2016-12-31","""荃灣油柑頭青山公路123號""","https://www.sc.com/hk/promotion/credit-cards/year-round-offers-2016/images/05-anchors-seafood-and-beer-house.gif"
"SC-36","zh_TW","Standard Chatard","""渣打Visa信用卡"",""渣打萬事達卡"",""渣打銀聯雙幣白金信用卡""","老虎咖喱和休閒咖啡廳","31064083","""外賣自取即享9折"",""堂食消費滿HK$300即享9折""","https://www.sc.com/hk/zh/promotion/credit-cards/year-round-offers-2016/dining-western.html","2016-01-01","2016-12-31","""尖沙咀海港城二樓2602舖""","https://www.sc.com/hk/promotion/credit-cards/year-round-offers-2016/images/18-tiger-cafe.jpg"
"SC-37","zh_TW","Standard Chatard","""渣打Visa信用卡"",""渣打萬事達卡"",""渣打銀聯雙幣白金信用卡"",""渣打WorldMiles卡 (前名為渣打American Express®卡)""","挪亞方舟度假酒店 - 豐盛閣","34118836","""晚市自助餐8折""","https://www.sc.com/hk/zh/promotion/credit-cards/year-round-offers-2016/dining-hotel.html","2016-01-01","2016-12-31","""新界馬灣珀欣路33號""","https://www.sc.com/hk/promotion/credit-cards/year-round-offers/images/logo/144-Noahs-Ark-Hotel-Resort.gif"
"SC-38","zh_TW","Standard Chatard","""渣打Visa信用卡"",""渣打萬事達卡""","Espressamente illy","36650311","""星期一至五下午六時後惠顧滿HK$200享85折""","https://www.sc.com/hk/zh/promotion/credit-cards/year-round-offers-2016/dining-others.html","2016-01-01","2016-12-31","""九龍尖沙咀海運大廈地下OTG61號舖""","https://www.sc.com/hk/promotion/credit-cards/year-round-offers-2016/images/261-espressamente-illy-1.jpg"
"SC-39","zh_TW","Standard Chatard","""渣打Visa信用卡"",""渣打萬事達卡"",""渣打銀聯雙幣白金信用卡"",""渣打WorldMiles卡 (前名為渣打American Express®卡)""","香港尖沙咀凱悅酒店","37217700","""於咖啡廳可享自助午餐、自助晚餐及周末下午茶自助餐八五折優惠""","https://www.sc.com/hk/zh/promotion/credit-cards/year-round-offers-2016/dining-hotel.html","2016-01-01","2016-12-31","""香港九龍尖沙咀河內道18號香港尖沙咀凱悅酒店大堂樓層""","https://www.sc.com/global/av/hk-Chi.gif"
"SC-40","zh_TW","Standard Chatard","""渣打Visa信用卡"",""渣打萬事達卡"",""渣打銀聯雙幣白金信用卡"",""渣打WorldMiles卡 (前名為渣打American Express®卡)""","香港旺角薈賢居（如心酒店集團管理）– canton pot","39687888","""渣打白金信用卡或以上客戶︰"",""星期五至六惠顧主餐牌及火鍋單點餐牌食品可享9折"",""星期日至四惠顧主餐牌及火鍋單點餐牌食品可享85折"",""所有渣打信用卡客戶︰"",""星期一至日惠顧主餐牌及火鍋單點餐牌食品可享9折""","https://www.sc.com/hk/zh/promotion/credit-cards/year-round-offers-2016/dining-hotel.html","2016-01-01","2016-12-31","""香港旺角廣東道1131號2樓""","https://www.sc.com/hk/promotion/credit-cards/year-round-offers-2016/images/32.gif"
"SC-41","zh_TW","Standard Chatard","""渣打Visa信用卡"",""渣打萬事達卡"",""渣打銀聯雙幣白金信用卡"",""渣打WorldMiles卡 (前名為渣打American Express®卡)""","如心艾朗酒店 – forte","39688222","""渣打白金信用卡或以上客戶︰"",""星期一至日惠顧主菜牌及飲品可享9折"",""星期一至五惠顧行政午餐可享9折"",""星期六、日及公眾假期惠顧假日自助早午餐可享7折"",""星期一至四惠顧半自助晚餐可享7折"",""星期五至日、公眾假期前夕及公眾假期惠顧半自助晚餐可享75折"",""所有渣打信用卡客戶︰"",""星期一至日惠顧主菜牌及飲品可享9折"",""星期一至五惠顧行政午餐可享9折"",""星期六、日及公眾假期惠顧假日自助早午餐可享75折"",""星期一至四惠顧半自助晚餐可享75折"",""星期五至日、公眾假期前夕及公眾假期惠顧半自助晚餐可享8折""","https://www.sc.com/hk/zh/promotion/credit-cards/year-round-offers-2016/dining-hotel.html","2016-01-01","2016-12-31","""香港觀塘創業街38號2樓""","https://www.sc.com/hk/promotion/credit-cards/year-round-offers-2016/images/33.gif"
"SC-42","zh_TW","Standard Chatard","""渣打Visa信用卡"",""渣打萬事達卡"",""渣打銀聯雙幣白金信用卡"",""渣打WorldMiles卡 (前名為渣打American Express®卡)""","如心南灣海景酒店– LIS Café","39688833","""渣打白金信用卡或以上客戶︰"",""主餐牌食品、午膳套餐(星期一至五)及下午茶套餐9折"",""假日自助早午餐(只限星期六、日及公眾假期)及自助晚餐(星期一至四)7折"",""自助晚餐(星期五至日, 公眾假期前夕及公眾假期)75折"",""所有渣打信用卡客戶︰"",""主餐牌食品、午膳套餐(星期一至五)及下午茶套餐9折"",""假日自助早午餐(只限星期六、日及公眾假期)及自助晚餐(星期一至四)75折"",""自助晚餐(星期五至日, 公眾假期前夕及公眾假期)8折""","https://www.sc.com/hk/zh/promotion/credit-cards/year-round-offers-2016/dining-hotel.html","2016-01-01","2016-12-31","""香港香港仔黄竹坑道55號P3""","https://www.sc.com/hk/promotion/credit-cards/year-round-offers-2016/images/34-35.gif"
"SC-43","zh_TW","Standard Chatard","""渣打Visa信用卡"",""渣打萬事達卡"",""渣打銀聯雙幣白金信用卡"",""渣打WorldMiles卡 (前名為渣打American Express®卡)""","如心南灣海景酒店– Bar LIS","39688835","""主餐牌食品9折""","https://www.sc.com/hk/zh/promotion/credit-cards/year-round-offers-2016/dining-hotel.html","2016-01-01","2016-12-31","""香港香港仔黄竹坑道55號P3""","https://www.sc.com/hk/promotion/credit-cards/year-round-offers-2016/images/34-35.gif"
"SC-44","zh_TW","Standard Chatard","""渣打Visa信用卡"",""渣打萬事達卡"",""渣打銀聯雙幣白金信用卡"",""渣打WorldMiles卡 (前名為渣打American Express®卡)""","香港九龍東皇冠假日酒店 - 尚廚","39830688","""星期一至五堂食85折""","https://www.sc.com/hk/zh/promotion/credit-cards/year-round-offers-2016/dining-hotel.html","2016-01-01","2016-12-31","""新界將軍澳唐德街3號香港九龍東皇冠假日酒店1樓""","https://www.sc.com/hk/promotion/credit-cards/year-round-offers-2016/images/036-crowne-plaza-hong-kong-the-chefs-table.jpg"
"SC-45","zh_TW","Standard Chatard","""渣打Visa信用卡"",""渣打萬事達卡"",""渣打銀聯雙幣白金信用卡"",""渣打WorldMiles卡 (前名為渣打American Express®卡)""","香港九龍東皇冠假日酒店 - 紫粵軒","39830688","""星期一至五堂食85折""","https://www.sc.com/hk/zh/promotion/credit-cards/year-round-offers-2016/dining-hotel.html","2016-01-01","2016-12-31","""新界將軍澳唐德街3號香港九龍東皇冠假日酒店2樓""","https://www.sc.com/hk/promotion/credit-cards/year-round-offers-2016/images/037-crowne-plaza-hong-kong-tze-yuet-heen.jpg"
"SC-46","zh_TW","Standard Chatard","""渣打Visa信用卡"",""渣打萬事達卡"",""渣打銀聯雙幣白金信用卡"",""渣打WorldMiles卡 (前名為渣打American Express®卡)""","香港九龍東皇冠假日酒店 - 星幕","39830688","""星期一至五堂食85折""","https://www.sc.com/hk/zh/promotion/credit-cards/year-round-offers-2016/dining-hotel.html","2016-01-01","2016-12-31","""新界將軍澳唐德街3號香港九龍東皇冠假日酒店47樓""","https://www.sc.com/hk/promotion/credit-cards/year-round-offers-2016/images/038-crowne-plaza-hong-kong-cielo.jpg"
"SC-47","zh_TW","Standard Chatard","""渣打Visa信用卡"",""渣打萬事達卡"",""渣打銀聯雙幣白金信用卡"",""渣打WorldMiles卡 (前名為渣打American Express®卡)""","香港荃灣帝盛酒店 - Dorsett Café","39966338","""星期一至五午市9折"",""星期六、日及公眾假期午市85折"",""晚市85折""","https://www.sc.com/hk/zh/promotion/credit-cards/year-round-offers-2016/dining-hotel.html","2016-01-01","2016-12-31","""九龍葵涌健全街28號香港荃灣帝盛酒店地下""","https://www.sc.com/hk/promotion/credit-cards/year-round-offers/images/logo/110-Dorsett-Tsuen-Wan-Hong-Kong.gif"
"SC-48","zh_TW","Standard Chatard","""渣打Visa信用卡"",""渣打萬事達卡""","會所1号 九龍半山","82021218","""自選菜式及正價套餐9折""","https://www.sc.com/hk/zh/promotion/credit-cards/year-round-offers-2016/dining-asian.html","2016-01-01","2016-12-31","""九龍農圃道18號UG層1號舖""","https://www.sc.com/hk/promotion/credit-cards/year-round-offers/images/logo/dining-chinese/club-one.gif"
"SC-49","zh_TW","Standard Chatard","""渣打Visa信用卡"",""渣打萬事達卡""","會所1号 科學園","82022311","""自選菜式及正價套餐9折""","https://www.sc.com/hk/zh/promotion/credit-cards/year-round-offers-2016/dining-asian.html","2016-01-01","2016-12-31","""新界沙田科學園科技大道西12號12W大樓地下S061-S066號舖""","https://www.sc.com/hk/promotion/credit-cards/year-round-offers/images/logo/dining-chinese/club-one.gif"
"SC-50","zh_TW","Standard Chatard","""渣打Visa信用卡"",""渣打萬事達卡""","會所1号 大舞臺","82022809","""自選菜式及正價套餐9折""","https://www.sc.com/hk/zh/promotion/credit-cards/year-round-offers-2016/dining-asian.html","2016-01-01","2016-12-31","""香港德輔道中323號西港城2樓""","https://www.sc.com/hk/promotion/credit-cards/year-round-offers/images/logo/dining-chinese/club-one.gif"
"SC-51","zh_TW","Standard Chatard","""渣打Visa信用卡"",""渣打萬事達卡""","會所1号 德藝會","82022892","""自選菜式及正價套餐9折""","https://www.sc.com/hk/zh/promotion/credit-cards/year-round-offers-2016/dining-asian.html","2016-01-01","2016-12-31","""九龍九龍灣德福花園平台P13-P14號""","https://www.sc.com/hk/promotion/credit-cards/year-round-offers/images/logo/dining-chinese/club-one.gif"
"SC-52","zh_TW","Standard Chatard","""渣打Visa信用卡"",""渣打萬事達卡""","會所1号 博藝會","82028606","""自選菜式及正價套餐9折""","https://www.sc.com/hk/zh/promotion/credit-cards/year-round-offers-2016/dining-asian.html","2016-01-01","2016-12-31","""九龍紅磡黃埔花園第八期螢幕圈4樓""","https://www.sc.com/hk/promotion/credit-cards/year-round-offers/images/logo/dining-chinese/club-one.gif"
"SC-53","zh_TW","Standard Chatard","""渣打Visa信用卡"",""渣打萬事達卡""","會所1号 九龍東","82029298","""自選菜式及正價套餐9折""","https://www.sc.com/hk/zh/promotion/credit-cards/year-round-offers-2016/dining-asian.html","2016-01-01","2016-12-31","""九龍觀塘觀點中心2樓全層""","https://www.sc.com/hk/promotion/credit-cards/year-round-offers/images/logo/dining-chinese/club-one.gif"
"SC-54","zh_TW","Standard Chatard","""渣打Visa信用卡"",""渣打萬事達卡""","會所1号 銀灘","82099113","""自選菜式及正價套餐9折""","https://www.sc.com/hk/zh/promotion/credit-cards/year-round-offers-2016/dining-asian.html","2016-01-01","2016-12-31","""新界珀麗灣臨海廣場L2""","https://www.sc.com/hk/promotion/credit-cards/year-round-offers/images/logo/dining-chinese/club-one.gif"
"SC-55","zh_TW","Standard Chatard","""渣打Visa信用卡"",""渣打萬事達卡""","會所1号 郵輪提岸","82099223","""自選菜式及正價套餐9折""","https://www.sc.com/hk/zh/promotion/credit-cards/year-round-offers-2016/dining-asian.html","2016-01-01","2016-12-31","""九龍九龍灣臨澤街8號傲騰廣場地下""","https://www.sc.com/hk/promotion/credit-cards/year-round-offers/images/logo/dining-chinese/club-one.gif"
"SC-56","zh_TW","Standard Chatard","""渣打Visa信用卡"",""渣打萬事達卡""","會所1号 萬濤","82099288","""自選菜式及正價套餐9折""","https://www.sc.com/hk/zh/promotion/credit-cards/year-round-offers-2016/dining-asian.html","2016-01-01","2016-12-31","""新界沙田安平街1號香港沙田萬怡酒店商場1樓""","https://www.sc.com/hk/promotion/credit-cards/year-round-offers/images/logo/dining-chinese/club-one.gif"
"SC-57","zh_TW","Standard Chatard","""渣打Visa信用卡"",""渣打萬事達卡""","會所1号 淺水灣","82099822","""自選菜式及正價套餐9折""","https://www.sc.com/hk/zh/promotion/credit-cards/year-round-offers-2016/dining-asian.html","2016-01-01","2016-12-31","""香港淺水灣海灘道16號""","https://www.sc.com/hk/promotion/credit-cards/year-round-offers/images/logo/dining-chinese/club-one.gif"
"SC-58","zh_TW","Standard Chatard","""渣打Visa信用卡"",""渣打萬事達卡"",""渣打銀聯雙幣白金信用卡""","自然良坊","82268326","""丸裝或茶包裝貨品95折"",""惠顧丸裝或茶包滿2盒可獲贈醒目藍莓精華10天旅行裝""","https://www.sc.com/hk/zh/promotion/credit-cards/year-round-offers-2016/dining-others.html","2016-01-01","2016-12-31","""九龍彌敦道760號聯合廣場30號B地下""","https://www.sc.com/hk/promotion/credit-cards/year-round-offers/images/logo/dining-others/natural-square.gif"
"SC-59","en","Standard Chatard","""Standard Chartered Visa Credit Card"",""Standard Chartered MasterCard"",""Standard Chartered UnionPay Dual Currency Platinum Credit Card"",""Standard Chartered WorldMiles Card (formerly known as Standard Chartered American Express® Card)""","The Langham Hong Kong - The Food Gallery","","""12% off on a la carte food items for lunch and dinner"",""12% off on lunch buffet and dinner buffet""","https://www.sc.com/hk/promotion/credit-cards/year-round-offers-2016/dining-hotel.html","2016-01-01","2016-12-31","""Upper Lobby, The Langham, Hong Kong, 8 Peking Road, Tsim Sha Tsui, Kowloon""","https://www.sc.com/hk/promotion/credit-cards/year-round-offers-2016/images/39.gif"
"SC-60","en","Standard Chatard","""Standard Chartered Visa Credit Card"",""Standard Chartered MasterCard"",""Standard Chartered UnionPay Dual Currency Platinum Credit Card""","La'Taste Vietnamese Cuisine","","""A complimentary dessert upon dine-in dinner spending of HK$200 or above""","https://www.sc.com/hk/promotion/credit-cards/year-round-offers-2016/dining-asian.html","2016-01-01","2016-12-31","","https://www.sc.com/hk/promotion/credit-cards/year-round-offers/images/logo/dining-south/lataste-vietnamese-cuisine.gif"
"SC-62","en","Standard Chatard","""Standard Chartered Visa Credit Card"",""Standard Chartered MasterCard"",""Standard Chartered UnionPay Dual Currency Platinum Credit Card"",""Standard Chartered WorldMiles Card (formerly known as Standard Chartered American Express® Card)""","Maxim’s MX","","""Enjoy a complimentary mango pudding (valued at HK$185) or assorted finger sandwiches (valued at HK$168) upon spending of HK$1,200 or above in a single transaction for Maxim’s MX Party Menu""","https://www.sc.com/hk/promotion/credit-cards/year-round-offers-2016/dining-asian.html","2016-01-01","2016-12-31","","https://www.sc.com/hk/promotion/credit-cards/year-round-offers-2016/images/01-maximmx1.jpg"
"SC-61","en","Standard Chatard","""Standard Chartered Visa Credit Card"",""Standard Chartered MasterCard"",""Standard Chartered UnionPay Dual Currency Platinum Credit Card"",""Standard Chartered WorldMiles Card (formerly known as Standard Chartered American Express® Card)""","Hong Kong Day","","""A complimentary Hong Kong Day milk tea or one complimentary poached vegetable upon spending HK$150 or above in a single transaction on any food items""","https://www.sc.com/hk/promotion/credit-cards/year-round-offers-2016/dining-asian.html","2016-01-01","2016-12-31","","https://www.sc.com/hk/promotion/credit-cards/year-round-offers-2016/images/19-hong-kong-day.gif"
"SC-63","en","Standard Chatard","""Standard Chartered Visa Credit Card"",""Standard Chartered MasterCard"",""Standard Chartered UnionPay Dual Currency Platinum Credit Card"",""Standard Chartered WorldMiles Card (formerly known as Standard Chartered American Express® Card)""","voi_la! Wine Cellar","","""6% off on regular-priced items""","https://www.sc.com/hk/promotion/credit-cards/year-round-offers-2016/dining-western.html","2016-01-01","2016-12-31","","https://www.sc.com/hk/promotion/credit-cards/year-round-offers/images/logo/092-voila-Wine-Cellar.gif"
"SC-64","en","Standard Chatard","""Standard Chartered Visa Credit Card"",""Standard Chartered MasterCard""","Oliver's Super Sandwiches","","""10% off on a la carte party menu order""","https://www.sc.com/hk/promotion/credit-cards/year-round-offers-2016/dining-western.html","2016-01-01","2016-12-31","","https://www.sc.com/hk/promotion/credit-cards/year-round-offers-2016/images/123-olivers-super-sandwiches.jpg"
"SC-65","en","Standard Chatard","""Standard Chartered Visa Credit Card"",""Standard Chartered MasterCard"",""Standard Chartered UnionPay Dual Currency Platinum Credit Card""","Tung Fong Hung Medicine Company Limited","","""20% off on selected regular-priced items""","https://www.sc.com/hk/promotion/credit-cards/year-round-offers-2016/dining-others.html","2016-01-01","2016-12-31","","https://www.sc.com/hk/promotion/credit-cards/year-round-offers/images/logo/125-Tung-Fong-Hung-Medicine-Company-Limited.gif"
"SC-66","en","Standard Chatard","""Standard Chartered Visa Credit Card"",""Standard Chartered MasterCard"",""Standard Chartered UnionPay Dual Currency Platinum Credit Card""","Beijing Tong Ren Tang Fook Ming Tong Chinese Medical Center","","""15% off on regular-priced acupuncture, bone-setting and acupressure x 10 courses"",""Up to 30% off on the medication courses""","https://www.sc.com/hk/promotion/credit-cards/year-round-offers-2016/dining-others.html","2016-01-01","2016-12-31","","https://www.sc.com/hk/promotion/credit-cards/year-round-offers-2016/images/003-beijing-tong-ren-tang-fook-ming-tong-chinese-medical-center.jpg"
"SC-67","en","Standard Chatard","""Standard Chartered Visa Credit Card"",""Standard Chartered MasterCard"",""Standard Chartered UnionPay Dual Currency Platinum Credit Card""","BEE CHENG HIANG","","""10% off on regular-priced meat products upon spending of HK$300 or above""","https://www.sc.com/hk/promotion/credit-cards/year-round-offers-2016/dining-others.html","2016-01-01","2016-12-31","","https://www.sc.com/hk/promotion/credit-cards/year-round-offers-2016/images/126-bee-cheng-hiang.jpg"
"SC-68","en","Standard Chatard","""Standard Chartered Visa Credit Card"",""Standard Chartered MasterCard"",""Standard Chartered WorldMiles Card (formerly known as Standard Chartered American Express® Card)""","Twelve Cupcakes","","""10% off upon purchase 3 pieces of regular-priced Flavour Cupcakes""","https://www.sc.com/hk/promotion/credit-cards/year-round-offers-2016/dining-others.html","2016-01-01","2016-12-31","","https://www.sc.com/hk/promotion/credit-cards/year-round-offers-2016/images/13-twelve-cupcake.gif"
"SC-69","en","Standard Chatard","""Standard Chartered Visa Credit Card"",""Standard Chartered MasterCard"",""Standard Chartered UnionPay Dual Currency Platinum Credit Card"",""Standard Chartered WorldMiles Card (formerly known as Standard Chartered American Express® Card)""","Häagen-Dazs™","","""Enjoy HK$50 discount offer upon purchase any ice cream cakes of HK$400 or above""","https://www.sc.com/hk/promotion/credit-cards/year-round-offers-2016/dining-others.html","2016-01-01","2016-12-31","","https://www.sc.com/hk/promotion/credit-cards/year-round-offers-2016/images/14-haagendazs.gif"
"SC-59","zh_TW","Standard Chatard","""渣打Visa信用卡"",""渣打萬事達卡"",""渣打銀聯雙幣白金信用卡"",""渣打WorldMiles卡 (前名為渣打American Express®卡)""","香港朗廷酒店 - The Food Gallery","","""午膳及晚膳主餐牌菜式食品88折"",""自助午餐及自助晚餐88折""","https://www.sc.com/hk/zh/promotion/credit-cards/year-round-offers-2016/dining-hotel.html","2016-01-01","2016-12-31","""九龍尖沙咀北京道8號香港朗廷酒店高層大堂""","https://www.sc.com/hk/promotion/credit-cards/year-round-offers-2016/images/39.gif"
"SC-60","zh_TW","Standard Chatard","""渣打Visa信用卡"",""渣打萬事達卡"",""渣打銀聯雙幣白金信用卡""","品越越式料理","","""惠顧晚市堂食滿HK$200可獲贈甜品乙客""","https://www.sc.com/hk/zh/promotion/credit-cards/year-round-offers-2016/dining-asian.html","2016-01-01","2016-12-31","","https://www.sc.com/hk/promotion/credit-cards/year-round-offers/images/logo/dining-south/lataste-vietnamese-cuisine.gif"
"SC-61","zh_TW","Standard Chatard","""渣打Visa信用卡"",""渣打萬事達卡"",""渣打銀聯雙幣白金信用卡"",""渣打WorldMiles卡 (前名為渣打American Express®卡)""","香港地","","""惠顧任何食品單一簽賬滿HK$150以上，可免費獲贈絲級奶茶/焯菜一客""","https://www.sc.com/hk/zh/promotion/credit-cards/year-round-offers-2016/dining-asian.html","2016-01-01","2016-12-31","","https://www.sc.com/hk/promotion/credit-cards/year-round-offers-2016/images/19-hong-kong-day.gif"
"SC-62","zh_TW","Standard Chatard","""渣打Visa信用卡"",""渣打萬事達卡"",""渣打銀聯雙幣白金信用卡"",""渣打WorldMiles卡 (前名為渣打American Express®卡)""","美心MX","","""惠顧美心MX派對美食單一簽賬滿HK$1,200或以上，可免費獲贈芒果布甸(價值HK$185) / 雙式自家製三文治 (價值HK$168)乙客""","https://www.sc.com/hk/zh/promotion/credit-cards/year-round-offers-2016/dining-asian.html","2016-01-01","2016-12-31","","https://www.sc.com/hk/promotion/credit-cards/year-round-offers-2016/images/01-maximmx1.jpg"
"SC-63","zh_TW","Standard Chatard","""渣打Visa信用卡"",""渣打萬事達卡"",""渣打銀聯雙幣白金信用卡"",""渣打WorldMiles卡 (前名為渣打American Express®卡)""","voi_la! 酒窖","","""正價貨品94折""","https://www.sc.com/hk/zh/promotion/credit-cards/year-round-offers-2016/dining-western.html","2016-01-01","2016-12-31","","https://www.sc.com/hk/promotion/credit-cards/year-round-offers/images/logo/092-voila-Wine-Cellar.gif"
"SC-64","zh_TW","Standard Chatard","""渣打Visa信用卡"",""渣打萬事達卡""","Oliver's Super Sandwiches","","""單買派對美食9折""","https://www.sc.com/hk/zh/promotion/credit-cards/year-round-offers-2016/dining-western.html","2016-01-01","2016-12-31","","https://www.sc.com/hk/promotion/credit-cards/year-round-offers-2016/images/123-olivers-super-sandwiches.jpg"
"SC-65","zh_TW","Standard Chatard","""渣打Visa信用卡"",""渣打萬事達卡"",""渣打銀聯雙幣白金信用卡""","東方紅藥業有限公司","","""指定正價貨品8折""","https://www.sc.com/hk/zh/promotion/credit-cards/year-round-offers-2016/dining-others.html","2016-01-01","2016-12-31","","https://www.sc.com/hk/promotion/credit-cards/year-round-offers/images/logo/125-Tung-Fong-Hung-Medicine-Company-Limited.gif"
"SC-66","zh_TW","Standard Chatard","""渣打Visa信用卡"",""渣打萬事達卡"",""渣打銀聯雙幣白金信用卡""","北京同仁堂福明堂中醫藥中心","","""中醫針灸、骨傷及推拿10次療程正價85折"",""中醫中藥療程低至7折""","https://www.sc.com/hk/zh/promotion/credit-cards/year-round-offers-2016/dining-others.html","2016-01-01","2016-12-31","","https://www.sc.com/hk/promotion/credit-cards/year-round-offers-2016/images/003-beijing-tong-ren-tang-fook-ming-tong-chinese-medical-center.jpg"
"SC-67","zh_TW","Standard Chatard","""渣打Visa信用卡"",""渣打萬事達卡"",""渣打銀聯雙幣白金信用卡""","美珍香","","""惠顧正價肉類產品滿HK$300享9折""","https://www.sc.com/hk/zh/promotion/credit-cards/year-round-offers-2016/dining-others.html","2016-01-01","2016-12-31","","https://www.sc.com/hk/promotion/credit-cards/year-round-offers-2016/images/126-bee-cheng-hiang.jpg"
"SC-68","zh_TW","Standard Chatard","""渣打Visa信用卡"",""渣打萬事達卡"",""渣打WorldMiles卡 (前名為渣打American Express®卡)""","Twelve Cupcakes","","""惠顧正價Cupcakes 3件或以上即享正價9折""","https://www.sc.com/hk/zh/promotion/credit-cards/year-round-offers-2016/dining-others.html","2016-01-01","2016-12-31","","https://www.sc.com/hk/promotion/credit-cards/year-round-offers-2016/images/13-twelve-cupcake.gif"
"SC-69","zh_TW","Standard Chatard","""渣打Visa信用卡"",""渣打萬事達卡"",""渣打銀聯雙幣白金信用卡"",""渣打WorldMiles卡 (前名為渣打American Express®卡)""","Häagen-Dazs™","","""惠顧雪糕蛋糕滿HK$400可享HK$50優惠""","https://www.sc.com/hk/zh/promotion/credit-cards/year-round-offers-2016/dining-others.html","2016-01-01","2016-12-31","","https://www.sc.com/hk/promotion/credit-cards/year-round-offers-2016/images/14-haagendazs.gif"
